学名,物种名称,界,门,纲,目,科,属,生存环境,入侵等级,类型,原产地,出现地区,图片,引入时间,备注,,,,,,,,
"Macrochelys temminckii Troost, 1835",红螯龟,动物,脊索动物,爬行动物,海龟,龟科,,[“淡水”],无效的,物种,外来物种,,,,,,,,,,,,
Mimosa bimucronata (DC.) Kuntze,光荚含羞草,植物界,被子植物门,木兰纲,豆目,豆科,含羞草属,[“陆地”],恶意入侵,物种,热带美洲,云南 广西 广东 海南 福建 湖南 江西,"=DISPIMG(""ID_E495CF26C26747A6B05FC542A6E9B596"",1)",,,,,,,,,,
"Ips typographus (Linnaeus & C., 1758)",打印机本人,动物,节肢动物,昆虫纲,鞘翅目,象甲科,,[“陆地”],无效的,物种,外来物种,,,,,,,,,,,,
Aeschynomene indica L.,敏感合萌,植物界,气管植物门,木兰纲,豆目,豆科,合萌属,[“陆地”],有待观察,物种,热带美洲,江苏 海南 台湾,"=DISPIMG(""ID_6CB310991F734E6BA2C935D8BD03DD78"",1)",,,›,,,,,,,
Nasturtium officinale W.T.Aiton,豆瓣菜,植物界,被子植物门,木兰纲,十字花目,十字花科,豆瓣菜属,[“陆地”、“淡水”],一般入侵,物种,欧洲地中海东部南亚热带地区,黑龙江、河北、山西、山东、河南、安徽、江苏、广东、广西、陕西、    四川、贵州、云南、西藏,"=DISPIMG(""ID_5696FA91849D44A7A25828F2AC0AE8A9"",1)",,,,,,,,,,
"Palaemon macrodactylus M.J.Rathbun, 1902",长指长虾,动物,节肢动物,软甲纲,十足目,长虾科,,[“海洋”],无效的,物种,外来物种,,,,,,,,,,,,
"Pomacanthus navarchus (Cuvier, 1831)",长毛刺,动物,脊索动物,放线蕨,鲈形目,长尾科,,[“海洋”],无效的,物种,外来物种,,,,,,,,,,,,
"Synchiropus picturatus (Peters, 1877)",斑纹同步翅藻,动物,脊索动物,放线蕨,鲈形目,紫鹃科,,[“海洋”],无效的,物种,外来物种,,,,,,,,,,,,
Lolium temulentum L.,毒麦,植物界,被子植物门,木兰纲,禾本斯,禾本科,黑麦草属,[“陆地”],恶意入侵,物种,欧洲,除台湾 海南之外所有省份,"=DISPIMG(""ID_969EDEB1D2A84B72815EFC3A993D7E00"",1)",,,,,,,,,,
Ricinus communis L.,蓖麻,植物界,被子植物门,木兰纲,金虎尾目,大戟科,蓖麻属,[“陆地”],严重入侵,物种,非洲东北部热带地区,除青海外的所有省份,"=DISPIMG(""ID_BCB56EE1CF4A4404A45BB7950C9E422A"",1)",,,,,,,,,,
Vicia sativa L.,救荒野豌豆,植物界,被子植物门,木兰纲,豆目,豆科,野豌豆属,[“陆地”],无效的,物种,欧洲南部、亚洲西部,全国,"=DISPIMG(""ID_F6321D2EB7164038BBB0A5BF8FD30399"",1)",,,,,,,,,,
"Watersipora subtorquata (d'Orbigny, 1852)",水孢霉,动物,苔藓虫纲,裸露目,唇口科,水蠹科,,[“海洋”],无效的,物种,外来物种,,,,,,,,,,,,
Triodanis perfoliata subsp. biflora,异檐花,植物界,被子植物门,木兰纲,菊目,桔梗科,异檐花属,[“陆地”],无效的,物种,美国南部,安徽、福建、江西、上海、四川、台湾、浙江,"=DISPIMG(""ID_BCAFA0802DA3439DB338FCA8D3068EC1"",1)",,,,,,,,,,
Rivina humilis L.,数珠珊瑚,植物界,被子植物门,木兰纲,石竹目,蒜香草科,数珠珊瑚属,[“陆地”],无效的,物种,热带美洲,广西 广东 浙江 福建 台湾,"=DISPIMG(""ID_2E1DFD2B10994579B81B5BA16DF20EAC"",1)",,,,,,,,,,
"Carassius cuvieri Temminck & Schlegel, 1846",鲫鱼,动物,脊索动物,放线蕨,鲤形目,鲤科,,[“淡水”],侵入性的,物种,外来物种,,,,,,,,,,,,
"Culex quinquefasciatus Say, 1823",五面蚊子,动物,节肢动物,昆虫纲,双翅目,蚊科,,[“陆地”、“淡水”],无效的,物种,外来物种,,,,,,,,,,,,
"Callosobruchus analis (Fabricius, 1781)",肛蝽,动物,节肢动物,昆虫纲,鞘翅目,叶甲科,,[“陆地”],侵入性的,物种,外来物种,,,,,,,,,,,,
"Sarotherodon melanotheron Rüppell, 1852",黑齿兽,动物,脊索动物,放线蕨,鲈形目,丽鱼科,,[“淡水”、“咸水”、“海洋”],无效的,物种,外来物种,,,,,,,,,,,,
"Amphiprion chrysopterus Cuvier, 1830",金翅双足鱼,动物,脊索动物,放线蕨,鲈形目,甲科,,[“海洋”],无效的,物种,外来物种,,,,,,,,,,,,
"Pomacentrus coelestis Jordan & Starks, 1901",天上的苹果中心,动物,脊索动物,放线蕨,鲈形目,甲科,,[“海洋”],无效的,物种,外来物种,,,,,,,,,,,,
Cosmos sulphureus Cav.,黄秋英,植物界,被子植物门,木兰纲,菊目,菊科,秋英属,[“陆地”],侵入性的,物种,墨西哥 巴西,北京、云南、广东,"=DISPIMG(""ID_A3B957116E2D4CDCB6DFEBCD8E2E4FD5"",1)",,,,,,,,,,
Peperomia pellucida Kunth,草胡椒,植物界,被子植物门,木兰纲,胡椒目,胡椒科,草胡椒属,[“陆地”],一般入侵,物种,热带美洲,"北京、云南、广东、广西、海南
江西、福建、浙江、安徽、江苏、
台湾","=DISPIMG(""ID_3E33719866174EC3AEF931492853FA53"",1)",,,,,,,,,,
Sternochetus olivieri,橄榄胸雉,动物,节肢动物,昆虫纲,鞘翅目,象甲科,,[“陆地”],无效的,物种,外来物种,,,,,,,,,,,,
Sagittaria graminea Michaux,禾叶慈菇,植物界,被子植物门,单子叶植物纲,泽泻目,泽泻科,慈菇属,[“淡水”],有待观察,物种,北美 古巴,"新疆 青海 甘肃 内蒙古 陕西 河北
 北京 天津 辽宁 四川 重庆 河南 山东
安徽 云南 广西 江西 福建 浙江","=DISPIMG(""ID_4B8AFDE16B5E43ABA242683255669389"",1)",,,,,,,,,,
Praxelis clematidea (Griseb.) R.M.King & H.Rob.,假臭草,植物界,被子植物门,木兰纲,菊目,菊科,假臭草属,[“陆地”],恶意入侵,物种,南美洲,广东、福建、澳门、香港、台湾、海南,"=DISPIMG(""ID_EAA2F41FBD6644B090F576965055CDD2"",1)",,,,,,,,,,
"Pomacanthus imperator (Bloch, 1787)",长毛刺,动物,脊索动物,放线蕨,鲈形目,长尾科,,[“海洋”],无效的,物种,外来物种,,,,,,,,,,,,
Verbena brasiliensis Vellozo,狭叶马鞭草,植物界,被子植物门,木兰纲,唇形目,马鞭草科,马鞭草属,[“陆地”],有待观察,物种,南美洲,北京 安徽 江西 广东 福建 上海 台湾,"=DISPIMG(""ID_CC1F635A056146AA9A7D34FD7D0FD65D"",1)",1980,,,,,,,,,
Impatiens walleriana Hook.f.,苏丹凤仙花,植物界,被子植物门,木兰纲,杜鹃花目,凤仙花科,凤仙花属,[“陆地”],有待观察,物种,非洲,广东、香港、河北、北京、天津,"=DISPIMG(""ID_3F8A3C979D804087AE2EC2C7B5D97BAF"",1)",,,,,,,,,,
Euphorbia chamaeclada Ule,毛果地锦,植物界,被子植物门,木兰纲,金虎目,大戟科,大戟属,[“陆地”],有待观察,物种,巴西,西藏 甘肃 安徽 江苏 上海,无,,,,,,,,,,
"Hippocampus coronatus Temminck & Schlegel, 1850",海马加冕,动物,脊索动物,放线蕨,鳅形目,鳅科,,[“海洋”],无效的,物种,外来物种,,,,,,,,,,,,
Amaranthus capensis L.,苋菜,植物界,被子植物门,木兰纲,石竹目,苋科,苋属,[“陆地”],有待观察,物种,非洲,,"=DISPIMG(""ID_F84721E157B64609A5E53C31875E3415"",1)",,,,,,,,,,
Cestrum nocturnum L.,夜香树,植物界,被子植物门,木兰纲,茄目,茄科,夜香树属,[“陆地”],有待观察,物种,美洲,福建、湖南、广东、广西、海南、四川、贵州、云南、香港,"=DISPIMG(""ID_1E458AA740834DC8AADC4ADAA7DD50C3"",1)",,,,,,,,,,
"Cherax quadricarinatus (von Martins, 1868)",红螯螯虾,动物,节肢动物,软甲纲,十足目,拟蝇科,,[“淡水”],无效的,物种,外来物种,,,,,,,,,,,,
"Bruchophagus gibbus (Boheman, 1836)",灰斑象,动物,节肢动物,昆虫纲,膜翅目,广蝽科,,[“陆地”],侵入性的,物种,外来物种,,,,,,,,,,,,
Erigeron speciosus (Lindl.)DC,美丽飞蓬,植物界,被子植物门,木兰纲,菊目,菊科,飞蓬属,[“陆地”],有待观察,物种,加拿大、美国、墨西哥,重庆、云南、西藏、福建、台湾、广东、广西、海南、香港、澳门,"=DISPIMG(""ID_FB60E7E9324B4037BBA3744091E4F633"",1)",,,,,,,,,,
"Ditylenchus dipsaci (Kuhn, 1857)",茎线虫,动物,线虫,下半场,垫刃目,鳗科,,[“主持人”],无效的,物种,外来物种,,,,,,,,,,,,
Mimosa pudica L.,贞洁含羞草,植物界,被子植物门,木兰纲,豆目,豆科,含羞草属,[“陆地”],侵入性的,物种,热带美洲,全国,"=DISPIMG(""ID_1657581E55304B96AEA977A17A87CC6A"",1)",,微毒,,,,,,,,
Tagetes minuta L.,印加孔雀草,植物界,被子植物门,木兰纲,菊目,菊科,万寿菊属,[“陆地”],侵入性的,物种,南美洲,台湾,"=DISPIMG(""ID_EC05D2857D9D45DE82BB7B9514B97633"",1)",,,,,,,,,,
Chaetoceros densus (Cleve) Cleve,密集角毛藻,网络色藻界,苍藻门,硅藻纲,角毛藻目,角毛藻科,,[“海洋”],无效的,物种,外来物种,,,,,,,,,,,,
"Cherax tenuimanus Smith, 1912",薄螯虾,动物,节肢动物,软甲纲,十足目,拟蝇科,,[“淡水”],无效的,物种,外来物种,,,,,,,,,,,,
Ambrosia polystachya DC.,裸穗豚草,植物界,被子植物门,木兰纲,菊目,菊科,豚草属,[“陆地”],侵入性的,物种,北美洲,台湾,"=DISPIMG(""ID_F66681BE37734EE8BDC7DF0AC549B73A"",1)",,,,,,,,,,
Physalis peruviana L.,灯笼果,植物界,被子植物门,木兰纲,茄目,茄科,洋酸浆属,[“陆地”],有待观察,物种,南美洲,广东、云南,"=DISPIMG(""ID_E0E172FA6F55408C8940DB12644D1725"",1)",,食用,,,,,,,,
"Pygoplites diacanthus (Boddaert, 1772)",石斑鱼,动物,脊索动物,放线蕨,鲈形目,长尾科,,[“海洋”],无效的,物种,外来物种,,,,,,,,,,,,
"Pomacea insularum (Orbigny, 1835)",福寿螺,动物,贝类,腹足类,古舌藻,壶腹科,,[“淡水”],侵入性的,物种,外来物种,,,,,,,,,,,,
Xanthium chinense Mill,北美苍耳,植物界,被子植物门,木兰纲,菊目,菊科,苍耳属,[“陆地”],侵入性的,物种,墨西哥,西藏、内蒙、河北、北京、辽宁、吉林、黑龙江、湖北、湖南、贵州、江西,"=DISPIMG(""ID_E693523384C144B5AC6CD9E23D7FB6E8"",1)",,,,,,,,,,
Tanacetum vulgare L.,菊蒿,植物界,被子植物门,木兰纲,菊目,菊科,菊蒿属,[“陆地”],有待观察,物种,欧洲,黑龙江及新疆,"=DISPIMG(""ID_49A508BFF874412E81840DB4A643E712"",1)",,有毒 药用,,,,,,,,
"Alopochen aegyptiaca (Linnaeus, 1766)",埃及阿罗波琴,动物,脊索动物,鸟类,雁形目,鸭科,,[“陆地”、“淡水”],无效的,物种,外来物种,,,,,,,,,,,,
"Micropogonias undulatus (Linnaeus, 1766)",波状小蜂,动物,脊索动物,放线蕨,鲈形目,石首鱼科,,[“咸味”，“海洋”],无效的,物种,外来物种,,,,,,,,,,,,
Azolla filiculoides Lam.,细叶满江红,植物界,蕨类植物门,木贼纲,槐叶蘋目,槐叶蘋科,满江红属,[“淡水”],侵入性的,物种,美洲,全国,"=DISPIMG(""ID_CE1BEC46D873487F843291964DF3E2C6"",1)",,,,,,,,,,
Xanthium spinosum L.,刺苍耳,植物界,被子植物门,木兰纲,菊目,菊科,苍耳属,[“陆地”],侵入性的,物种,南美洲,辽宁、北京、河南、安徽,"=DISPIMG(""ID_BD4EC815ABA54CC097583DC005455F83"",1)",,,,,,,,,,
Anthriscus caucalis M. Bieb.,刺毛峨参,植物界,被子植物门,木兰纲,伞形目,伞形科,峨参属,[“陆地”],有待观察,物种,欧洲,江苏,"=DISPIMG(""ID_9F1A396682814A43BF884928E0E54F63"",1)",,,,,,,,,,
"Macrobrachium rosenbergii (De Man, 1879)",罗氏沼虾,动物,节肢动物,软甲纲,十足目,长虾科,,[“淡水”],无效的,物种,外来物种,,,,,,,,,,,,
Cyperus rotundus L.,香附子,植物界,被子植物门,木兰纲,禾本目,莎草科,莎草属,[“陆地”、“淡水”],侵入性的,物种,非洲、南亚和欧洲,全国,"=DISPIMG(""ID_CA6AF57F158644DD8B63084B6896CC16"",1)","=DISPIMG(""ID_A7AE1E816A1A431696FB4445FE6139B1"",1)",药用,,,,,,,,
Pennisetum purpureum Schumach.,紫芨芨草,植物界,被子植物门,软虫纲,波阿莱斯,禾本科,,[“陆地”],有待观察,物种,,,,,,,,,,,,,
"Chrysiptera annulata (Peters, 1855)",环纹金翅虫,动物,脊索动物,放线蕨,鲈形目,甲科,,[“海洋”],无效的,物种,外来物种,,,,,,,,,,,,
"Mayetiola destructor (Say, 1817)",破坏马耶蒂奥拉,动物,节肢动物,昆虫纲,双翅目,瘿蚊科,,[“陆地”],侵入性的,物种,外来物种,,,,,,,,,,,,
Agave americana L.,美洲龙舌兰,植物界,被子植物门,软虫纲,芦笋,天门冬科,,[“陆地”],侵入性的,物种,,,,,,,,,,,,,
"Acipenser ruthenus Linnaeus, 1758",黑目鲟,动物,脊索动物,放线蕨,鲟形目,鲟科,,[“淡水”、“咸水”],无效的,物种,外来物种,,,,,,,,,,,,
Richardia scabra L.,粗暴的理查德,植物界,被子植物门,木兰纲,龙胆目,茜草科,,[“陆地”],侵入性的,物种,,,,,,,,,,,,,
"Pterois miles (Bennett, 1828)",翼英里,动物,脊索动物,放线蕨,蝎形目,蝎科,,[“海洋”],无效的,物种,外来物种,,,,,,,,,,,,
Brachiaria mutica Stapf,臂形草,植物界,被子植物门,软虫纲,波阿莱斯,禾本科,,[“陆地”],侵入性的,物种,,,,,,,,,,,,,
"Pseudanthias pleurotaenia (Bleeker, 1857)",侧耳假花,动物,脊索动物,放线蕨,鲈形目,鮨科,,[“海洋”],无效的,物种,外来物种,,,,,,,,,,,,
"Tricellaria occidentalis (Trask, 1857)",西三角菌,动物,苔藓虫纲,裸露目,唇口科,白色的,,[“海洋”],无效的,物种,外来物种,,,,,,,,,,,,
Brachiaria eruciformis (Sm.) Griseb.,芥形臂形草,植物界,被子植物门,软虫纲,波阿莱斯,禾本科,,[“陆地”],侵入性的,物种,,,,,,,,,,,,,
Cyperus compressus L.,柏树压缩,植物界,被子植物门,软虫纲,波阿莱斯,莎草科,,[“陆地”、“淡水”],有待观察,物种,,,,,,,,,,,,,
"Coregonus lavaretus Valenciennes, 1848",拉瓦雷格虫,动物,脊索动物,放线蕨,鲑形目,鲑鱼科,,[“淡水”、“咸水”、“海洋”],无效的,物种,外来物种,,,,,,,,,,,,
"Lehmannia valentiana (A.Férussac, 1822)",瓦氏双歧鱼,动物,贝类,腹足类,柱毛藻,蜥蜴科,,[“陆地”],侵入性的,物种,外来物种,,,,,,,,,,,,
Euphorbia serpens Kunth,大戟蛇,植物界,被子植物门,木兰纲,金虎目,大戟科,,[“陆地”],侵入性的,物种,,,,,,,,,,,,,
Amaranthus tricolor L.,三色苋,植物界,被子植物门,木兰纲,石竹目,苋科,,[“陆地”],有待观察,物种,,,,,,,,,,,,,
"Litopenaeus vannamei (Boone, 1931)",凡纳滨对虾,动物,节肢动物,软甲纲,十足目,对虾科,,[“咸味”，“海洋”],无效的,物种,外来物种,,,,,,,,,,,,
Mikania micrantha Kunth,薇甘菊,植物界,被子植物门,木兰纲,菊目,菊科,,[“陆地”],侵入性的,物种,,,,,,,,,,,,,
Clitoria ternatea L.,蝶豆花,植物界,被子植物门,木兰纲,豆目,豆科,,[“陆地”],有待观察,物种,,,,,,,,,,,,,
Clarkia pulchella Pursh,漂亮的克拉克亚,植物界,被子植物门,木兰纲,香桃木目,柳叶菜科,,[“陆地”],有待观察,物种,,,,,,,,,,,,,
"Penaeus monodon Fabricius, 1798",斑节对虾,动物,节肢动物,软甲纲,十足目,对虾科,,[“海洋”],无效的,物种,外来物种,,,,,,,,,,,,
"Insignorthezia insignis (Browne, 1887)",明显的感觉迟钝,动物,节肢动物,昆虫纲,半翅目,弓形虫科,,[“主持人”],无效的,物种,外来物种,,,,,,,,,,,,
"Periplaneta australasiae (Fabricius, 1775)",澳大利亚大蠊,动物,节肢动物,昆虫纲,蜚蠊总科,蜚蠊科,,[“陆地”],侵入性的,物种,外来物种,,,,,,,,,,,,
Crotalaria trichotoma Boj.,猪屎豆,植物界,被子植物门,木兰纲,豆目,豆科,,[“陆地”],有待观察,物种,,,,,,,,,,,,,
Solanum americanum Mill.,美国茄属植物,植物界,被子植物门,木兰纲,茄目,茄科,,[“陆地”],侵入性的,物种,,,,,,,,,,,,,
"Monomorium pharaonis (Linnaeus, 1758)",法老的誓言,动物,节肢动物,昆虫纲,膜翅目,蚂,,[“陆地”],无效的,物种,外来物种,,,,,,,,,,,,
"Anarsia lineatella Zeller, 1839",线状无纳虫,动物,节肢动物,昆虫纲,鳞翅目,蜈蚣科,,[“陆地”],无效的,物种,外来物种,,,,,,,,,,,,
Senna alata (L.) Roxb.,有翼番泻叶,植物界,被子植物门,木兰纲,豆目,豆科,,[“陆地”],有待观察,物种,,,,,,,,,,,,,
Lolium temulentum var. arvense (With.) Bab.,喝醉了的棒棒糖,植物界,被子植物门,软虫纲,波阿莱斯,禾本科,,[“陆地”],侵入性的,变种,,,,,,,,,,,,,
"Hypsypops rubicundus (Girard, 1854)",红唇许愿花,动物,脊索动物,放线蕨,鲈形目,甲科,,[“海洋”],无效的,物种,外来物种,,,,,,,,,,,,
Cyperus surinamensis Rottb.,苏里南莎草,植物界,被子植物门,软虫纲,波阿莱斯,莎草科,,[“陆地”、“淡水”],有待观察,物种,,,,,,,,,,,,,
"Necrobia ruficollis (Fabricius, 1775)",红颈坏死菌,动物,节肢动物,昆虫纲,鞘翅目,石斑鱼科,,[“陆地”],侵入性的,物种,外来物种,,,,,,,,,,,,
"Aleurodicus dispersus Russell, 1965",粉虱分散,动物,节肢动物,昆虫纲,半翅目,粉虱科,,[“主持人”],侵入性的,物种,外来物种,,,,,,,,,,,,
"Acipenser stellatus Pallas, 1771",星状鲟,动物,脊索动物,放线蕨,鲟形目,鲟科,,[“淡水”、“咸水”、“海洋”],无效的,物种,外来物种,,,,,,,,,,,,
Ipomoea lacunosa L.,空心甘薯,植物界,被子植物门,木兰纲,茄目,旋花科,,[“陆地”],侵入性的,物种,,,,,,,,,,,,,
Fallopia convolvulus (L.) Á.Löve,输卵管旋花,植物界,被子植物门,木兰纲,石竹目,蓼科,,[“陆地”],有待观察,物种,,,,,,,,,,,,,
Pangasius hypophthalmus,下眼巴沙鱼,动物,脊索动物,放线蕨,鲶形目,鲶鱼科,,[“淡水”],无效的,物种,外来物种,,,,,,,,,,,,
Salvia occidentalis Swartz,西方圣人,植物界,被子植物门,木兰纲,唇形目,唇形科,,[“陆地”],有待观察,物种,,,,,,,,,,,,,
Sesbania sesban (L.) Merr.,田菁,植物界,被子植物门,木兰纲,豆目,豆科,,[“陆地”],有待观察,物种,,,,,,,,,,,,,
Sicyos angulatus L.,西西奥斯被逼入绝境,植物界,被子植物门,木兰纲,葫芦目,葫芦科,,[“陆地”],有待观察,物种,,,,,,,,,,,,,
Ceratium horridum (Cleve) Gran,可怕的三脚架,网络色藻界,粘体动物亚门,甲藻纲,膝沟藻目,角藻科,,[“海洋”],无效的,物种,外来物种,,,,,,,,,,,,
Ambrosia artemisiifolia L.,豚草,植物界,被子植物门,木兰纲,菊目,菊科,,[“陆地”],侵入性的,物种,,,,,,,,,,,,,
Veronica polita Fries,波利塔·维罗妮卡,植物界,被子植物门,木兰纲,唇形目,车前草科,,[“陆地”],侵入性的,物种,,,,,,,,,,,,,
Hyptis brevipes Poit.,短叶姬鼠,植物界,被子植物门,木兰纲,唇形目,唇形科,,[“陆地”],侵入性的,物种,,,,,,,,,,,,,
"Oreochromis mossambicus (Peters, 1852)",莫桑比克罗非鱼,动物,脊索动物,放线蕨,鲈形目,丽鱼科,,[“淡水”、“咸水”],无效的,物种,外来物种,,,,,,,,,,,,
"Pheidole megacephala (Fabricius, 1793)",大头褐藻,动物,节肢动物,昆虫纲,膜翅目,蚂,,[“陆地”],侵入性的,物种,外来物种,,,,,,,,,,,,
Crotalaria ochroleuca G.Don,猪屎豆,植物界,被子植物门,木兰纲,豆目,豆科,,[“陆地”],有待观察,物种,,,,,,,,,,,,,
Zephyranthes carinata Herb.,泽兰西兰,植物界,被子植物门,软虫纲,芦笋,石蒜科,,[“陆地”],侵入性的,物种,,,,,,,,,,,,,
"Cornu aspersum (O.F.Müller, 1774)",撒上牛角,动物,贝类,腹足类,柱毛藻,螺旋科,,[“陆地”],无效的,物种,外来物种,,,,,,,,,,,,
"Radopholus similis (Cobb, 1893)",像拉多福勒斯,动物,线虫,下半场,垫刃目,蜉蝣科,,[“主持人”],侵入性的,物种,外来物种,,,,,,,,,,,,
Acer negundo L.,宏碁和军多,植物界,被子植物门,木兰纲,无患子目,无患子科,,[“陆地”],有待观察,物种,,,,,,,,,,,,,
"Amphiprion nigripes Regan, 1908",黑足双足鱼,动物,脊索动物,放线蕨,鲈形目,甲科,,[“海洋”],无效的,物种,外来物种,,,,,,,,,,,,
"Nannochloropsis oculata (Droop) Hibberd, 1981",微拟球藻,网络色藻界,苍藻门,大戟藻纲,尤柱目,单球藻科,,[“淡水”、“咸水”],无效的,物种,外来物种,,,,,,,,,,,,
Panicum dichotomiflorum Michx.,黍,植物界,被子植物门,软虫纲,波阿莱斯,禾本科,,[“陆地”],侵入性的,物种,,,,,,,,,,,,,
Mitracarpus hirtus (L.) DC.,毛果海棠,植物界,被子植物门,木兰纲,龙胆目,茜草科,,[“陆地”],侵入性的,物种,,,,,,,,,,,,,
Achillea millefolium Ledeb.,蓍草,植物界,被子植物门,木兰纲,菊目,菊科,,[“陆地”],有待观察,物种,,,,,,,,,,,,,
Alexandrium minutum Halim,亚历山大分钟,网络色藻界,粘体动物亚门,甲藻纲,膝沟藻目,膝沟藻科,,[“海洋”],无效的,物种,外来物种,,,,,,,,,,,,
"Coregonus peled (Gmelin, 1789)",果皮白腹鹬,动物,脊索动物,放线蕨,鲑形目,鲑鱼科,,[“淡水”、“咸水”、“海洋”],无效的,物种,外来物种,,,,,,,,,,,,
Daucus carota L.,胡萝卜,植物界,被子植物门,木兰纲,蜜蜂目,伞形科,,[“陆地”],侵入性的,物种,,,,,,,,,,,,,
Tripos furca (Ehrenb.) F.Gómez,三叉叉,网络色藻界,粘体动物亚门,甲藻纲,膝沟藻目,角藻科,,[“海洋”],无效的,物种,外来物种,,,,,,,,,,,,
"Protoperidinium conicum (Gran) Balech, 1974",圆锥原甲藻,网络色藻界,粘体动物亚门,甲藻纲,围甲藻目,原甲藻科,,[“海洋”],无效的,物种,外来物种,,,,,,,,,,,,
"Salmo salar Linnaeus, 1758",鲑鱼,动物,脊索动物,放线蕨,鲑形目,鲑鱼科,,[“淡水”、“咸水”、“海洋”],无效的,物种,外来物种,,,,,,,,,,,,
Sorghum halepense Pers.,高粱,植物界,被子植物门,软虫纲,波阿莱斯,禾本科,,[“陆地”],侵入性的,物种,,,,,,,,,,,,,
Talinum fruticosum (L.) Juss.,一棵浓密的树,植物界,被子植物门,木兰纲,石竹目,槐科,,[“陆地”],有待观察,物种,,,,,,,,,,,,,
Lolium persicum Boiss. & Hohen.,一个桃子棒棒糖,植物界,被子植物门,软虫纲,波阿莱斯,禾本科,,[“陆地”],侵入性的,物种,,,,,,,,,,,,,
"Sitophilus granarius (Linnaeus & C., 1758)",谷蝇,动物,节肢动物,昆虫纲,鞘翅目,鳞螨科,,[“陆地”],侵入性的,物种,外来物种,,,,,,,,,,,,
Sesbania herbacea (Mill.) McVaugh,田菁草本,植物界,被子植物门,木兰纲,豆目,豆科,,[“陆地”],侵入性的,物种,,,,,,,,,,,,,
Vaccaria segetalis Garke ex Asch.,西班牙乳制品,植物界,被子植物门,木兰纲,石竹目,石竹科,,[“陆地”],侵入性的,物种,,,,,,,,,,,,,
"Polyodon spathula (Walbaum, 1792)",匙齿骨,动物,脊索动物,放线蕨,鲟形目,多齿兽科,,[“淡水”],无效的,物种,外来物种,,,,,,,,,,,,
"Lissorhoptrus oryzophilus Kuschel, 1951",米鼠,动物,节肢动物,昆虫纲,鞘翅目,短角蜥科,,[“陆地”],侵入性的,物种,外来物种,,,,,,,,,,,,
Solanum torvum Sw.,索拉努斯皱起眉头,植物界,被子植物门,木兰纲,茄目,茄科,,[“陆地”],侵入性的,物种,,,,,,,,,,,,,
Cronartium ribicola J.C.Fisch.,茶藨生柱锈菌,真菌,担子菌门,担子菌纲,锈菌目,柱锈菌科,柱锈菌属,[“主持人”],无效的,物种,外来物种,,,,,,,,,,,,
Banana bunchy top virus (BBTV),香蕉束顶病毒（BBTV）,病毒,水芹病毒科,弓形虫纲,多病毒,纳米病毒科,,[“主持人”],侵入性的,物种,外来物种,,,,,,,,,,,,
Mimosa invisa Colla,没有看到含羞草,植物界,被子植物门,木兰纲,豆目,豆科,,[“陆地”],侵入性的,物种,,,,,,,,,,,,,
Eryngium foetidum L.,臭刺芫荽,植物界,被子植物门,木兰纲,蜜蜂目,伞形科,,[“陆地”],有待观察,物种,,,,,,,,,,,,,
Malvastrum coromandelianum (L.) Garcke,锦葵,植物界,被子植物门,木兰纲,锦葵属,锦葵科,,[“陆地”],侵入性的,物种,,,,,,,,,,,,,
"Heosemys annandalii (Boulenger, 1903)",安南大龟,动物,脊索动物,爬行动物,海龟,地鼠科,,[“陆地”、“淡水”],无效的,物种,外来物种,,,,,,,,,,,,
"Bursaphelenchus xylophilus (Steiner & Buhrer, 1934), 1970",松材线虫,动物,线虫,下半场,滑刃目,滑刃科,,[“主持人”],侵入性的,物种,外来物种,,,,,,,,,,,,
"Abramis brama (Linnaeus, 1758)",鳅,动物,脊索动物,放线蕨,鲤形目,鲤科,,[“淡水”、“咸水”],无效的,物种,外来物种,,,,,,,,,,,,
Nothoscordum gracile (Aiton) Stearn,细长的无花果,植物界,被子植物门,软虫纲,芦笋,石蒜科,,[“陆地”],有待观察,物种,,,,,,,,,,,,,
Cyclospermum leptophyllum (Pers.) Sprague,细叶环子草,植物界,被子植物门,木兰纲,蜜蜂目,伞形科,,[“陆地”],侵入性的,物种,,,,,,,,,,,,,
Phleum pratense L.,草履草,植物界,被子植物门,软虫纲,波阿莱斯,禾本科,,[“陆地”],有待观察,物种,,,,,,,,,,,,,
"Rattus rattus (Linnaeus, 1758)",黄鼠,动物,脊索动物,哺乳纲,啮齿目,鼠科,,[“陆地”],侵入性的,物种,外来物种,,,,,,,,,,,,
Ochrosia elliptica Labill.,椭圆红花,植物界,被子植物门,木兰纲,龙胆目,夹竹桃科,,[“陆地”],侵入性的,物种,,,,,,,,,,,,,
Rapistrum rugosum All.,起皱的剑杆,植物界,被子植物门,木兰纲,芸苔目,十字花科,,[“陆地”],侵入性的,物种,,,,,,,,,,,,,
"Sphaeroma quoianum H.Milne Edwards, 1840",魁氏球菌,动物,节肢动物,软甲纲,等足类,球虫科,,[“咸味”，“海洋”],无效的,物种,外来物种,,,,,,,,,,,,
Setaria sphacelata (Schum.) Stapf,狗尾草,植物界,被子植物门,软虫纲,波阿莱斯,禾本科,,[“陆地”],有待观察,物种,,,,,,,,,,,,,
Paspalum distichum L.,帕斯帕尔的对联,植物界,被子植物门,软虫纲,波阿莱斯,禾本科,,[“陆地”],侵入性的,物种,,,,,,,,,,,,,
Ammannia coccinea Rottbøll,红花阿曼尼亚,植物界,被子植物门,木兰纲,香桃木目,千屈菜科,,[“陆地”],侵入性的,物种,,,,,,,,,,,,,
"Phenacoccus solenopsis Tinsley, 1898",红粉藻,动物,节肢动物,昆虫纲,半翅目,拟球虫科,,[“主持人”],侵入性的,物种,外来物种,,,,,,,,,,,,
Symphyotrichum subulatum Michx. var. parviflorum (Nees)S. D. Sundberg=Aster subulatus Michx. var.cubensis (DC.)Shinn.,交生霉,植物界,被子植物门,木兰纲,菊目,菊科,,[“陆地”],侵入性的,变种,,,,,,,,,,,,,
Cymbalaria muralis L.,墙钹,植物界,被子植物门,木兰纲,唇形目,车前草科,,[“陆地”],有待观察,物种,,,,,,,,,,,,,
Salvia tiliifolia Vahl,丹参,植物界,被子植物门,木兰纲,唇形目,唇形科,,[“陆地”],侵入性的,物种,,,,,,,,,,,,,
Lolium temulentum var. longiaristatum,喝醉了的棒棒糖,植物界,被子植物门,软虫纲,波阿莱斯,禾本科,,[“陆地”],侵入性的,变种,,,,,,,,,,,,,
"Holacanthus passer Valenciennes, 1846",火鸡,动物,脊索动物,放线蕨,鲈形目,长尾科,,[“海洋”],无效的,物种,外来物种,,,,,,,,,,,,
"Chrysiptera parasema (Fowler, 1918)",细翅金翅目,动物,脊索动物,放线蕨,鲈形目,甲科,,[“海洋”],无效的,物种,外来物种,,,,,,,,,,,,
"Hyphantria cunea (Drury, 1773)",白蛾,动物,节肢动物,昆虫纲,鳞翅目,埃雷比达科,,[“陆地”],侵入性的,物种,外来物种,,,,,,,,,,,,
Cyperus difformis L.,柏树变形了,植物界,被子植物门,软虫纲,波阿莱斯,莎草科,,[“陆地”、“淡水”],有待观察,物种,,,,,,,,,,,,,
Spartina cynosuroides (L.) Roth,狗尾孢孢子虫,植物界,被子植物门,软虫纲,波阿莱斯,禾本科,,[“陆地”、“咸味”],有待观察,物种,,,,,,,,,,,,,
Bidens alba (L.)DC.,怀特·拜登斯,植物界,被子植物门,木兰纲,菊目,菊科,,[“陆地”],侵入性的,物种,,,,,,,,,,,,,
Melilotus officinalis Pall.,草木樨,植物界,被子植物门,木兰纲,豆目,豆科,,[“陆地”],侵入性的,物种,,,,,,,,,,,,,
"Monomorium floricola (Jerdon, 1851)",花斑藻,动物,节肢动物,昆虫纲,膜翅目,蚂,,[“陆地”],无效的,物种,外来物种,,,,,,,,,,,,
Cerastium glmeratum Thuilli.,角藻,植物界,被子植物门,木兰纲,石竹目,石竹科,,[“陆地”],侵入性的,物种,,,,,,,,,,,,,
Sorghum almum Parodi,高粱,植物界,被子植物门,软虫纲,波阿莱斯,禾本科,,[“陆地”],有待观察,物种,,,,,,,,,,,,,
"Anthrenus verbasci (Linnaeus, 1767)",毛花蚁,动物,节肢动物,昆虫纲,鞘翅目,皮科,,[“陆地”],侵入性的,物种,外来物种,,,,,,,,,,,,
"Sphoeroides testudineus (Linnaeus, 1758)",陆龟,动物,脊索动物,放线蕨,河齿形目,四齿兽科,,[“咸味”，“海洋”],无效的,物种,外来物种,,,,,,,,,,,,
Oenothera villosa Gruppe,月见草,植物界,被子植物门,木兰纲,香桃木目,柳叶菜科,,[“陆地”],有待观察,物种,,,,,,,,,,,,,
"Necrobia rufipes (De Geer, 1775)",红翅黑蚁,动物,节肢动物,昆虫纲,鞘翅目,石斑鱼科,,[“陆地”],侵入性的,物种,外来物种,,,,,,,,,,,,
Erigeron sumatrensis,苏门答腊灯盏花,植物界,被子植物门,木兰纲,菊目,菊科,,[“陆地”],侵入性的,物种,,,,,,,,,,,,,
"Lithobates grylio (Stejneger, 1901)",利托贝茨·格里利奥,动物,脊索动物,两栖类,阿努拉,蛙科,,[“陆地”、“淡水”],侵入性的,物种,外来物种,,,,,,,,,,,,
"Chaetodon lunula Cuvier & Valenciennes, 1831",月牙毛齿兽,动物,脊索动物,放线蕨,鲈形目,毛齿兽科,,[“海洋”],无效的,物种,外来物种,,,,,,,,,,,,
Tridax procumbens L.,匍匐砗磲,植物界,被子植物门,木兰纲,菊目,菊科,,[“陆地”],侵入性的,物种,,,,,,,,,,,,,
"Ictalurus punctatus (Rafinesque, 1818)",斑点叉尾鮰,动物,脊索动物,放线蕨,鲶形目,鮰科,,[“淡水”],侵入性的,物种,外来物种,,,,,,,,,,,,
"Lepomis macrochirus Rafinesque, 1819",鱼,动物,脊索动物,放线蕨,鲈形目,甲虫科,,[“淡水”],无效的,物种,外来物种,,,,,,,,,,,,
Micranthemum umbrosum (J. F. Gmel.) S. F. Blake,阴凉的菊花,植物界,被子植物门,木兰纲,唇形目,鱼香科,,[“陆地”],有待观察,物种,,,,,,,,,,,,,
"Microporella orientalis Harmer, 1957",东方小孔菌,动物,苔藓虫纲,裸露目,唇口科,小孔虫科,,[“海洋”],无效的,物种,外来物种,,,,,,,,,,,,
Chaetoceros peruvianus Brightwell,秘鲁角毛藻,网络色藻界,苍藻门,硅藻纲,角毛藻目,角毛藻科,,[“海洋”],无效的,物种,外来物种,,,,,,,,,,,,
"Aphelenchoides besseyi Christie, 1942",贝氏滑刃线虫,动物,线虫,下半场,滑刃目,滑刃科,,[“主持人”],无效的,物种,外来物种,,,,,,,,,,,,
Salvinia molesta D.Mitch.,梨槐,植物界,被子植物门,水龙骨纲,萨尔维尼亚目,槐科,,[“淡水”],侵入性的,物种,,,,,,,,,,,,,
Panicum repens L.,恐慌蔓延,植物界,被子植物门,软虫纲,波阿莱斯,禾本科,,[“陆地”],侵入性的,物种,,,,,,,,,,,,,
"Pseudanthias flavoguttatus (Katayama & Masuda, 1980)",黄牙假花,动物,脊索动物,放线蕨,鲈形目,鮨科,,[“海洋”],无效的,物种,外来物种,,,,,,,,,,,,
"Corbicula fluminalis (O.F.Müller, 1774)",河蚬,动物,贝类,双壳类,星期五,食蟹科,,[“淡水”],无效的,物种,外来物种,,,,,,,,,,,,
"Ceratium massiliense (Gourret) E.Jørgensen, 1911",马西利角藻,网络色藻界,粘体动物亚门,甲藻纲,膝沟藻目,角藻科,,[“海洋”],无效的,物种,外来物种,,,,,,,,,,,,
"Diploprion bifasciatum Cuvier ex Kuhl & van Hasselt, 1828",双带双倍菌,动物,脊索动物,放线蕨,鲈形目,鮨科,,[“海洋”],无效的,物种,外来物种,,,,,,,,,,,,
Sporobolus pyramidatus (Lam.)Hitch.,金字塔孢子虫,植物界,被子植物门,软虫纲,波阿莱斯,禾本科,,[“陆地”],有待观察,物种,,,,,,,,,,,,,
"Ameiurus nebulosus (Lesueur, 1819)",阴天较好,动物,脊索动物,放线蕨,鲶形目,鮰科,,[“淡水”],无效的,物种,外来物种,,,,,,,,,,,,
Chaetoceros concavicornis L.Mangin,凹角角毛藻,网络色藻界,苍藻门,硅藻纲,角毛藻目,角毛藻科,,[“海洋”],无效的,物种,外来物种,,,,,,,,,,,,
Lantana montevidensis Briq.,马缨丹,植物界,被子植物门,木兰纲,唇形目,马鞭草科,,[“陆地”],有待观察,物种,,,,,,,,,,,,,
"Rhynchophorus ferrugineus Heyne, A.-Taschenberg & O., 1908",红角雉,动物,节肢动物,昆虫纲,鞘翅目,鳞螨科,,[“陆地”],侵入性的,物种,外来物种,,,,,,,,,,,,
"Apolemichthys arcuatus (Gray, 1831)",弓形鳕鱼,动物,脊索动物,放线蕨,鲈形目,长尾科,,[“海洋”],无效的,物种,外来物种,,,,,,,,,,,,
Cuscuta approximata Bab.,一个亲密的拥抱,植物界,被子植物门,木兰纲,茄目,旋花科,,[“主持人”],侵入性的,物种,,,,,,,,,,,,,
"Catla catla (Hamilton, 1822)",吉伯利翁喀拉,动物,脊索动物,放线蕨,鲤形目,鲤科,,[“淡水”、“咸水”],无效的,物种,外来物种,,,,,,,,,,,,
"Takifugu rubripes (Temminck & Schlegel, 1850)",红鳍东方鲀,动物,脊索动物,放线蕨,河齿形目,四齿兽科,,[“淡水”、“咸水”、“海洋”],无效的,物种,外来物种,,,,,,,,,,,,
"Clarias batrachus (Linnaeus, 1758)",鲶鱼,动物,脊索动物,放线蕨,鲶形目,鲫科,,[“淡水”、“咸水”],侵入性的,物种,外来物种,,,,,,,,,,,,
"Artemia franciscana Kellogg, 1906",方济会丰年虾,动物,节肢动物,鳃足纲,阿诺斯特拉科,蒿科,,[“淡水”、“咸水”],无效的,物种,外来物种,,,,,,,,,,,,
Ranunculus marginatus d'Urv.,毛茛有缘,植物界,被子植物门,木兰纲,毛茛目,毛茛科,,[“陆地”],侵入性的,物种,,,,,,,,,,,,,
"Botrylloides perspicuus (Herdman, 1886)",透明的葡萄孢,动物,脊索动物,海鞘科,斯托鳃亚目,柱科,,[“海洋”],无效的,物种,外来物种,,,,,,,,,,,,
Soliva anthemifolia R.Br.,黄花菜,植物界,被子植物门,木兰纲,菊目,菊科,,[“陆地”],侵入性的,物种,,,,,,,,,,,,,
Euphorbia prostrata Aiton,大戟,植物界,被子植物门,木兰纲,金虎目,大戟科,,[“陆地”],侵入性的,物种,,,,,,,,,,,,,
Sonchus asper Hill,桑葚,植物界,被子植物门,木兰纲,菊目,菊科,,[“陆地”],有待观察,物种,,,,,,,,,,,,,
Amaranthus tuberculatus (Moq.)J. D. Sauer,苋菜,植物界,被子植物门,木兰纲,石竹目,苋科,,[“陆地”],侵入性的,物种,,,,,,,,,,,,,
"Capra hircus Linnaeus, 1758",山羊 山羊,动物,脊索动物,哺乳纲,偶蹄目,牛科,,[“陆地”],无效的,物种,外来物种,,,,,,,,,,,,
"Lithobates catesbeianus (Shaw, 1802)",石斑鱼,动物,脊索动物,两栖类,阿努拉,蛙科,,[“陆地”、“淡水”],侵入性的,物种,外来物种,,,,,,,,,,,,
"Oryctolagus cuniculus (Linnaeus, 1758)",兔兔,动物,脊索动物,哺乳纲,兔形目,兔科,,[“陆地”],无效的,物种,外来物种,,,,,,,,,,,,
"Clarias gariepinus (Burchell, 1822)",鲶鱼,动物,脊索动物,放线蕨,鲶形目,鲫科,,[“淡水”],侵入性的,物种,外来物种,,,,,,,,,,,,
Euphorbia nutans Lag.,大戟点头,植物界,被子植物门,木兰纲,金虎目,大戟科,,[“陆地”],有待观察,物种,,,,,,,,,,,,,
Bacteriastrum comosum Pavillard,令人愉快的细菌,网络色藻界,苍藻门,硅藻纲,角毛藻目,角毛藻科,,[“海洋”],无效的,物种,外来物种,,,,,,,,,,,,
Hordeum jubatum L.,大麦已订购,植物界,被子植物门,软虫纲,波阿莱斯,禾本科,,[“陆地”],侵入性的,物种,,,,,,,,,,,,,
"Carpomya vesuviana Costa, 1854",维苏维亚果蝇,动物,节肢动物,昆虫纲,双翅目,实蝇科,,[“陆地”],侵入性的,物种,外来物种,,,,,,,,,,,,
Physalis angulata L.,酸浆,植物界,被子植物门,木兰纲,茄目,茄科,,[“陆地”],侵入性的,物种,,,,,,,,,,,,,
"Halocynthia roretzi (Drasche, 1884)",红海藻,动物,脊索动物,海鞘科,斯托鳃亚目,鹬科,,[“海洋”],无效的,物种,外来物种,,,,,,,,,,,,
Vachellia nilotica (L.) P.J.H.Hurter & Mabb.,尼罗水牛,植物界,被子植物门,木兰纲,豆目,豆科,,[“陆地”],有待观察,物种,,,,,,,,,,,,,
Passiflora suberosa L.,西番莲,植物界,被子植物门,木兰纲,金虎目,西番莲科,,[“陆地”],侵入性的,物种,,,,,,,,,,,,,
"Nitzschia pacifica Cupp, 1943",和平的菱形藻,网络色藻界,苍藻门,硅藻纲,杆菌目,硅藻科,,[“海洋”],无效的,物种,外来物种,,,,,,,,,,,,
Sida acuta Burm.f.,一样急性,植物界,被子植物门,木兰纲,锦葵属,锦葵科,,[“陆地”],侵入性的,物种,,,,,,,,,,,,,
"Silurus glanis Linnaeus, 1758",球鲶鱼,动物,脊索动物,放线蕨,鲶形目,鲶科,,[“淡水”、“咸水”],侵入性的,物种,外来物种,,,,,,,,,,,,
Chaetoceros decipiens Cleve,欺骗角毛藻,网络色藻界,苍藻门,硅藻纲,角毛藻目,角毛藻科,,[“海洋”],无效的,物种,外来物种,,,,,,,,,,,,
"Tubulipora flabellaris (O.Fabricius, 1780)",管形管虫,动物,苔藓虫纲,狭腹藻,环口虫纲,管虫科,,[“海洋”],无效的,物种,外来物种,,,,,,,,,,,,
Ipomaea indica (Burm.) Merr.= Pharbitis indica (Burm.) Hagiwara,甘薯,植物界,被子植物门,木兰纲,茄目,旋花科,,[“陆地”],有待观察,物种,,,,,,,,,,,,,
Amaranthus polygonoides L.,苋菜,植物界,被子植物门,木兰纲,石竹目,苋科,,[“陆地”],侵入性的,物种,,,,,,,,,,,,,
"Chaetodon larvatus Cuvier, 1831",毛齿兽幼虫,动物,脊索动物,放线蕨,鲈形目,毛齿兽科,,[“海洋”],无效的,物种,外来物种,,,,,,,,,,,,
"Amphiprion akindynos Allen, 1972",阿金迪双足鱼,动物,脊索动物,放线蕨,鲈形目,甲科,,[“海洋”],无效的,物种,外来物种,,,,,,,,,,,,
Opuntia monacantha Haw.,仙人掌,植物界,被子植物门,木兰纲,石竹目,仙人掌科,,[“陆地”],侵入性的,物种,,,,,,,,,,,,,
"Periplaneta americana (Linnaeus, 1758)",美洲近行星,动物,节肢动物,昆虫纲,蜚蠊总科,蜚蠊科,,[“陆地”],侵入性的,物种,外来物种,,,,,,,,,,,,
"Leptocybe invasa Fisher & La Salle, 2004",细盖菌入侵,动物,节肢动物,昆虫纲,膜翅目,蜈蚣科,,[“陆地”],侵入性的,物种,外来物种,,,,,,,,,,,,
Alexandrium tamarense (Lebour) Balech,塔玛亚历山大藻,网络色藻界,粘体动物亚门,甲藻纲,膝沟藻目,膝沟藻科,,[“海洋”],无效的,物种,外来物种,,,,,,,,,,,,
Axonopus compressus (Sw.) P.Beauv.,轴突压缩,植物界,被子植物门,软虫纲,波阿莱斯,禾本科,,[“陆地”],有待观察,物种,,,,,,,,,,,,,
Erigeron canadensis L.,小蓬草,植物界,被子植物门,木兰纲,菊目,菊科,,[“陆地”],侵入性的,物种,,,,,,,,,,,,,
"Haliotis laevigata Donovan, 1808",鲍鱼平滑,动物,贝类,腹足类,勒佩特利达,鲍科,,[“海洋”],无效的,物种,外来物种,,,,,,,,,,,,
Paspalum paniculatum L.,雀稗,植物界,被子植物门,软虫纲,波阿莱斯,禾本科,,[“陆地”],有待观察,物种,,,,,,,,,,,,,
Chloris gayana Kunth,虎尾草,植物界,被子植物门,软虫纲,波阿莱斯,禾本科,,[“陆地”],侵入性的,物种,,,,,,,,,,,,,
Bacillaria paxillifera (O.F.Müll.) Hendey,蜡状芽孢杆菌,网络色藻界,苍藻门,硅藻纲,杆菌目,硅藻科,,[“淡水”、“海洋”],无效的,物种,外来物种,,,,,,,,,,,,
Solanum sisymbriifolium Lam.,茄科植物,植物界,被子植物门,木兰纲,茄目,茄科,,[“陆地”],有待观察,物种,,,,,,,,,,,,,
"Lymantria dispar (Linnaeus, 1758)",舞毒蛾,动物,节肢动物,昆虫纲,鳞翅目,埃雷比达科,,[“陆地”],侵入性的,物种,外来物种,,,,,,,,,,,,
Bidens pilosa L.,鬼针草,植物界,被子植物门,木兰纲,菊目,菊科,,[“陆地”],侵入性的,物种,,,,,,,,,,,,,
Raphanus raphanistrum L.,萝卜 Raphanus,植物界,被子植物门,木兰纲,芸苔目,十字花科,,[“陆地”],有待观察,物种,,,,,,,,,,,,,
Solanum chrysotrichum Schltdl.,金曲茄,植物界,被子植物门,木兰纲,茄目,茄科,,[“陆地”],侵入性的,物种,,,,,,,,,,,,,
Pluchea sagittalis (Lam.) Cabrera,矢状毛绒毛虫,植物界,被子植物门,木兰纲,菊目,菊科,,[“陆地”],侵入性的,物种,,,,,,,,,,,,,
Veronica hederifolia L.,常春藤,植物界,被子植物门,木兰纲,唇形目,车前草科,,[“陆地”],侵入性的,物种,,,,,,,,,,,,,
Richardia brasiliensis Gomes,巴西理查氏菌,植物界,被子植物门,木兰纲,龙胆目,茜草科,,[“陆地”],侵入性的,物种,,,,,,,,,,,,,
Medicago minima (L.) L.,小紫花苜蓿,植物界,被子植物门,木兰纲,豆目,豆科,,[“陆地”],有待观察,物种,,,,,,,,,,,,,
"Hoplolatilus fourmanoiri Smith, 1964",福马诺河豚,动物,脊索动物,放线蕨,鲈形目,马拉棘科,,[“海洋”],无效的,物种,外来物种,,,,,,,,,,,,
Ipomoea hederacea Jacq.,常春藤,植物界,被子植物门,木兰纲,茄目,旋花科,,[“陆地”],侵入性的,物种,,,,,,,,,,,,,
"Pygocentrus nattereri Kner, 1858",纳氏蝾螈,动物,脊索动物,放线蕨,轮形目,锯齿鲑科,,[“淡水”],侵入性的,物种,外来物种,,,,,,,,,,,,
Physalis grisea (Waterfall) M. Martínez,灰酸浆,植物界,被子植物门,木兰纲,茄目,茄科,,[“陆地”],有待观察,物种,,,,,,,,,,,,,
Amaranthus retroflexus Linn. var. delilei (Richter & Loret) Thell.,反枝苋,植物界,被子植物门,木兰纲,石竹目,苋科,,[“陆地”],有待观察,变种,,,,,,,,,,,,,
Trifolium repens L.,白三叶,植物界,被子植物门,木兰纲,豆目,豆科,,[“陆地”],侵入性的,物种,,,,,,,,,,,,,
Melothria pendula L.,恶摆,植物界,被子植物门,木兰纲,葫芦目,葫芦科,,[“陆地”],有待观察,物种,,,,,,,,,,,,,
"Macaca fascicularis (Raffles, 1821)",食蟹猴,动物,脊索动物,哺乳纲,灵长类动物,猴科,,[“陆地”],无效的,物种,外来物种,,,,,,,,,,,,
Robinia pseudoacacia L.,刺槐,植物界,被子植物门,木兰纲,豆目,豆科,,[“陆地”],侵入性的,物种,,,,,,,,,,,,,
"Papilio demoleus Linnaeus, 1758",消灭蝴蝶,动物,节肢动物,昆虫纲,鳞翅目,蝶形花科,,[“陆地”],无效的,物种,外来物种,,,,,,,,,,,,
Lactuca serriola L.,生菜,植物界,被子植物门,木兰纲,菊目,菊科,,[“陆地”],侵入性的,物种,,,,,,,,,,,,,
Macroptilium lathyroides (L.) Urban,大翼藻,植物界,被子植物门,木兰纲,豆目,豆科,,[“陆地”],有待观察,物种,,,,,,,,,,,,,
Galinsoga parviflora Cav.,小花苦参,植物界,被子植物门,木兰纲,菊目,菊科,,[“陆地”],侵入性的,物种,,,,,,,,,,,,,
"Moritziella castaneivora Miyazaki, 1968",栗根瘤蚜,动物,节肢动物,昆虫纲,半翅目,根瘤蚜科,,[“主持人”],无效的,物种,外来物种,,,,,,,,,,,,
Oxybaphus nyctagineus (Pall.)Kuntze,夜蛾,植物界,被子植物门,木兰纲,石竹目,胭脂树科,,[“陆地”],有待观察,物种,,,,,,,,,,,,,
"Holacanthus tricolor (Bloch, 1795)",三色海棠,动物,脊索动物,放线蕨,鲈形目,长尾科,,[“海洋”],无效的,物种,外来物种,,,,,,,,,,,,
"Cacatua sulphurea (Gmelin, 1788)",硫磺凤头鹦鹉,动物,脊索动物,鸟类,鹦鹉形目,鹦鹉科,,[“陆地”],无效的,物种,外来物种,,,,,,,,,,,,
Chromolaena odorata (L.) R.M.King & H.Rob.,香花藻,植物界,被子植物门,木兰纲,菊目,菊科,,[“陆地”],侵入性的,物种,,,,,,,,,,,,,
Atriplex canescens (Pursh)Nuttall,滨藜,植物界,被子植物门,木兰纲,石竹目,苋科,,[“陆地”],侵入性的,物种,,,,,,,,,,,,,
Coreopsis lanceolata L.,披针金鸡菊,植物界,被子植物门,木兰纲,菊目,菊科,,[“陆地”],侵入性的,物种,,,,,,,,,,,,,
"Parachaetodon ocellatus (Cuvier, 1831)",眼状拟毛齿兽,动物,脊索动物,放线蕨,鲈形目,毛齿兽科,,[“海洋”],无效的,物种,外来物种,,,,,,,,,,,,
Lepidium densiflorum Schrad.,独行菜,植物界,被子植物门,木兰纲,芸苔目,十字花科,,[“陆地”],有待观察,物种,,,,,,,,,,,,,
Macfadyena unguis-cati (L.) A.H.Gentry,Dolichandra 爪猫,植物界,被子植物门,木兰纲,唇形目,紫葳科,,[“陆地”],侵入性的,物种,,,,,,,,,,,,,
Clavibacter michiganensis subsp. michiganensis,密歇根棒杆菌,细菌,放线菌门,放线菌门,放线菌目,微杆菌科,,[“主持人”],无效的,亚种,外来物种,,,,,,,,,,,,
"Ondatra zibethicus (Linnaeus, 1766)",麝鼠,动物,脊索动物,哺乳纲,啮齿目,仓鼠科,,[“陆地”、“淡水”],侵入性的,物种,外来物种,,,,,,,,,,,,
Ludwigia leptocaria (Nutt.)H. Hara,细叶路德维希亚,植物界,被子植物门,木兰纲,香桃木目,柳叶菜科,,[“陆地”、“淡水”],有待观察,物种,,,,,,,,,,,,,
Setaria parviflora (Poir.) Kerguélen,小花狗尾草,植物界,被子植物门,软虫纲,波阿莱斯,禾本科,,[“陆地”],有待观察,物种,,,,,,,,,,,,,
"Mytilus galloprovincialis Lamarck, 1819",贻贝,动物,贝类,双壳类,贻贝目,贻贝科,,[“海洋”],无效的,物种,外来物种,,,,,,,,,,,,
Verbena bonariensis (L.) J.Vahl,马鞭草,植物界,被子植物门,木兰纲,唇形目,马鞭草科,,[“陆地”],有待观察,物种,,,,,,,,,,,,,
"Bactrocera dorsalis (Hendel, 1912)",橘小实蝇,动物,节肢动物,昆虫纲,双翅目,实蝇科,,[“陆地”],侵入性的,物种,外来物种,,,,,,,,,,,,
Taraxacum officinale F.H. Wiggers,蒲公英,植物界,被子植物门,木兰纲,菊目,菊科,,[“陆地”],侵入性的,物种,,,,,,,,,,,,,
Oenothera speciosa Nutt.,月见草,植物界,被子植物门,木兰纲,香桃木目,柳叶菜科,,[“陆地”],有待观察,物种,,,,,,,,,,,,,
Gaura parviflora Douglas ex Hooker,小花洞,植物界,被子植物门,木兰纲,香桃木目,柳叶菜科,,[“陆地”],侵入性的,物种,,,,,,,,,,,,,
"Icerya purchasi Maskell, 1879",购买冰果,动物,节肢动物,昆虫纲,半翅目,玛加罗迪科,,[“主持人”],侵入性的,物种,外来物种,,,,,,,,,,,,
"Meloidogyne hispanica Hirschmann, 1986",西班牙根结线虫,动物,线虫,下半场,垫刃目,异皮科,,[“主持人”],无效的,物种,外来物种,,,,,,,,,,,,
"Hydroides elegans (Haswell, 1883)",秀丽隐杆线虫,动物,环节动物,多毛类,沙贝利达,蛇科,,[“海洋”],无效的,物种,外来物种,,,,,,,,,,,,
Atriplex nummularia Lindl.,滨藜,植物界,被子植物门,木兰纲,石竹目,苋科,,[“陆地”],侵入性的,物种,,,,,,,,,,,,,
Neptunia plena (L.) Benth.,海王星满,植物界,被子植物门,木兰纲,豆目,豆科,,[“陆地”],有待观察,物种,,,,,,,,,,,,,
"Datnioides microlepis Bleeker, 1853",小鳞螟,动物,脊索动物,放线蕨,鲈形目,鳅科,,[“淡水”],无效的,物种,外来物种,,,,,,,,,,,,
Psidium guajava L.,番石榴,植物界,被子植物门,木兰纲,香桃木目,桃金娘科,,[“陆地”],有待观察,物种,,,,,,,,,,,,,
"Bemisia tabaci (Gennadius, 1889)",烟粉虱,动物,节肢动物,昆虫纲,半翅目,粉虱科,,[“主持人”],侵入性的,物种,外来物种,,,,,,,,,,,,
Aster subulatus,紫苑举起,植物界,被子植物门,木兰纲,菊目,菊科,,[“陆地”],侵入性的,物种,,,,,,,,,,,,,
"Hemiaulus sinensis Greville, 1865",中华半鳅,网络色藻界,苍藻门,硅藻纲,半球目,半寿菊科,,[“海洋”],无效的,物种,外来物种,,,,,,,,,,,,
Justicia adhatoda L.,阿达托达正义,植物界,被子植物门,木兰纲,唇形目,爵床科,,[“陆地”],有待观察,物种,,,,,,,,,,,,,
Salicornia bigelovii Torr.,海蓬子,植物界,被子植物门,木兰纲,石竹目,苋科,,[“陆地”],有待观察,物种,,,,,,,,,,,,,
Cuphea carthagenensis (Jacq.) J.F.Macbr.,萼花,植物界,被子植物门,木兰纲,香桃木目,千屈菜科,,[“陆地”],侵入性的,物种,,,,,,,,,,,,,
Grindelia squarrosa (Pursh) Dunal,糙齿苋菜,植物界,被子植物门,木兰纲,菊目,菊科,,[“陆地”],有待观察,物种,,,,,,,,,,,,,
"Xiphophorus hellerii Heckel, 1848",剑尾鱼,动物,脊索动物,放线蕨,鲤鱼目,鲅鱼科,,[“淡水”、“咸水”],无效的,物种,外来物种,,,,,,,,,,,,
"Bodianus pulchellus (Poey, 1860)",博迪亚努斯很漂亮,动物,脊索动物,放线蕨,鲈形目,唇科,,[“海洋”],无效的,物种,外来物种,,,,,,,,,,,,
Ipomoea cairica(L.) Sweet,五爪金龙,植物界,被子植物门,木兰纲,茄目,旋花科,,[“陆地”],侵入性的,物种,,,,,,,,,,,,,
Ipomoea mauritiana Jacq.,毛里求斯番薯,植物界,被子植物门,木兰纲,茄目,旋花科,,[“陆地”],侵入性的,物种,,,,,,,,,,,,,
"Sciaenops ocellatus (Linnaeus, 1766)",眼斑石首鱼,动物,脊索动物,放线蕨,鲈形目,石首鱼科,,[“咸味”，“海洋”],无效的,物种,外来物种,,,,,,,,,,,,
"Protoperidinium depressum (J.W.Bailey) Balech, 1974",原甲藻抑制,网络色藻界,粘体动物亚门,甲藻纲,围甲藻目,原甲藻科,,[“海洋”],无效的,物种,外来物种,,,,,,,,,,,,
"Sphaeroma walkeri Stebbing, 1905",沃氏球孢菌,动物,节肢动物,软甲纲,等足类,球虫科,,[“咸味”],侵入性的,物种,外来物种,,,,,,,,,,,,
"Calonectria morganii Crous, Alfenas & M.J.Wingf., 1993",摩根网柄盘菌,真菌,子囊菌门,粪菌纲,肉座菌目,小穴菌科,网柄盘菌属,[“主持人”],无效的,物种,外来物种,,,,,,,,,,,,
"Phyllopteryx taeniolatus (Lacépède, 1804)",细叶羽翅目,动物,脊索动物,放线蕨,鳅形目,鳅科,,[“海洋”],无效的,物种,外来物种,,,,,,,,,,,,
"Eleotris oxycephala Temminck & Schlegel, 1845",尖头荸荠,动物,脊索动物,放线蕨,鲈形目,电蛾科,,[“淡水”、“咸水”、“海洋”],无效的,物种,外来物种,,,,,,,,,,,,
"Perca fluviatilis Linnaeus, 1758",河鲈,动物,脊索动物,放线蕨,鲈形目,鲈科,,[“淡水”、“咸水”],侵入性的,物种,外来物种,,,,,,,,,,,,
"Psittacula krameri (Scopoli, 1769)",克拉美鹦鹉,动物,脊索动物,鸟类,鹦鹉形目,鹦鹉科,,[“陆地”],无效的,物种,外来物种,,,,,,,,,,,,
"Panopea abrupta (Conrad, 1849)",蝽,动物,贝类,双壳类,他是一只足齿兽,鳅科,,[“海洋”],无效的,物种,外来物种,,,,,,,,,,,,
Phyllanthus amarus Schumach. et Thonn,叶下珠,植物界,被子植物门,木兰纲,金虎目,余下珠科,,[“陆地”],有待观察,物种,,,,,,,,,,,,,
"Salmo trutta fario Linnaeus, 1758",鳟鱼鲑鱼,动物,脊索动物,放线蕨,鲑形目,鲑鱼科,,[“淡水”、“咸水”、“海洋”],无效的,物种,外来物种,,,,,,,,,,,,
"Argopecten irradians (Lamarck, 1819)",海湾扇贝,动物,贝类,双壳类,扇贝目,扇贝科,,[“海洋”],无效的,物种,外来物种,,,,,,,,,,,,
"Oncorhynchus kisutch (Walbaum, 1792)",虹鳟,动物,脊索动物,放线蕨,鲑形目,鲑鱼科,,[“淡水”、“咸水”、“海洋”],无效的,物种,外来物种,,,,,,,,,,,,
"Dascyllus aruanus (Linnaeus, 1758)",橙金龟,动物,脊索动物,放线蕨,鲈形目,甲科,,[“海洋”],无效的,物种,外来物种,,,,,,,,,,,,
"Ips cembrae Wood & Bright, 1992",黑腹蜂,动物,节肢动物,昆虫纲,鞘翅目,蝽科,,[“陆地”],无效的,物种,外来物种,,,,,,,,,,,,
"Amphibalanus amphitrite Darwin, 1854",安菲特里特两栖蛇,动物,节肢动物,颌足类,塞西利亚,龟科,,[“海洋”],无效的,物种,外来物种,,,,,,,,,,,,
Eleutheranthera ruderalis (Sw.) Sch. Bip.,刺五加,植物界,被子植物门,木兰纲,菊目,菊科,,[“陆地”],有待观察,物种,,,,,,,,,,,,,
"Clarias camerunensis Lönnberg, 1895",克拉里亚斯喀麦隆,动物,脊索动物,放线蕨,鲶形目,鲫科,,[“淡水”],无效的,物种,外来物种,,,,,,,,,,,,
"Chitala blanci (d'Aubenton, 1965)",白色奇塔拉,动物,脊索动物,放线蕨,骨舌形目,羌活科,,[“淡水”],无效的,物种,外来物种,,,,,,,,,,,,
"Incisitermes minor (Hagen, 1858)",小须白蚁,动物,节肢动物,昆虫纲,蜚蠊总科,白蚁科,,[“陆地”],侵入性的,物种,外来物种,,,,,,,,,,,,
"Acanthodesia savartii (Audouin, 1826)",萨瓦氏双氟虫,动物,苔藓虫纲,裸露目,唇口科,膜孔虫科,,[“海洋”],无效的,物种,外来物种,,,,,,,,,,,,
Paspalum conjugatum P.J.Bergius,雀稗共轭,植物界,被子植物门,软虫纲,波阿莱斯,禾本科,,[“陆地”],侵入性的,物种,,,,,,,,,,,,,
"Pectinophora gossypiella (Saunders, 1844)",棉果壳菌,动物,节肢动物,昆虫纲,鳞翅目,蜈蚣科,,[“陆地”],侵入性的,物种,外来物种,,,,,,,,,,,,
Galinsoga quadriradiata Ruiz & Pav.,四放射虎杖,植物界,被子植物门,木兰纲,菊目,菊科,,[“陆地”],侵入性的,物种,,,,,,,,,,,,,
Euphorbia maculata L.,斑大戟,植物界,被子植物门,木兰纲,金虎目,大戟科,,[“陆地”],侵入性的,物种,,,,,,,,,,,,,
"Bactrocera correcta (Bezzi, 1916)",正确的果蝇,动物,节肢动物,昆虫纲,双翅目,实蝇科,,[“陆地”],侵入性的,物种,外来物种,,,,,,,,,,,,
Plantago aristata Michx.,车前子,植物界,被子植物门,木兰纲,唇形目,车前草科,,[“陆地”],有待观察,物种,,,,,,,,,,,,,
Paspalum dilatatum Poir.,雀稗扩张,植物界,被子植物门,软虫纲,波阿莱斯,禾本科,,[“陆地”],侵入性的,物种,,,,,,,,,,,,,
Salvia coccinea Buc'hoz ex Etl.,红花丹参,植物界,被子植物门,木兰纲,唇形目,唇形科,,[“陆地”],有待观察,物种,,,,,,,,,,,,,
Chrysopogon zizanioides (L.) Roberty,金毛草,植物界,被子植物门,软虫纲,波阿莱斯,禾本科,,[“陆地”],有待观察,物种,,,,,,,,,,,,,
Asclepias curassavica L.,马利筋,植物界,被子植物门,木兰纲,龙胆目,夹竹桃科,,[“陆地”],有待观察,物种,,,,,,,,,,,,,
Solanum elaeagnifolium Cav.,茄叶,植物界,被子植物门,木兰纲,茄目,茄科,,[“陆地”],侵入性的,物种,,,,,,,,,,,,,
"Acanthurus achilles Shaw, 1803",阿喀琉斯,动物,脊索动物,放线蕨,鲈形目,棘鱼科,,[“海洋”],无效的,物种,外来物种,,,,,,,,,,,,
"Parasaissetia nigra (Nietner, 1861)",黑副赛塞特虫,动物,节肢动物,昆虫纲,半翅目,球虫科,,[“主持人”],侵入性的,物种,外来物种,,,,,,,,,,,,
Pilea microphylla Liebm.,小叶冷水花,植物界,被子植物门,木兰纲,罗萨莱斯,荨麻科,,[“陆地”],侵入性的,物种,,,,,,,,,,,,,
"Acanthoscelides macrophthalmus (Schaeffer, 1907)",大眼棘轮虫,动物,节肢动物,昆虫纲,鞘翅目,叶甲科,,[“陆地”],无效的,物种,外来物种,,,,,,,,,,,,
"Carcinus maenas (Linnaeus, 1758)",鲫鱼,动物,节肢动物,软甲纲,十足目,癌科,,[“海洋”],无效的,物种,外来物种,,,,,,,,,,,,
"Acanthoscelides pallidipennis (Motschulsky, 1874)",鸭茅,动物,节肢动物,昆虫纲,鞘翅目,叶甲科,,[“陆地”],无效的,物种,外来物种,,,,,,,,,,,,
"Araecerus fasciculatus (DeGeer & C., 1775)",束状南南芥,动物,节肢动物,昆虫纲,鞘翅目,蓟马科,,[“陆地”],侵入性的,物种,外来物种,,,,,,,,,,,,
Crotalaria lanceolata E.Mey.,猪屎豆,植物界,被子植物门,木兰纲,豆目,豆科,,[“陆地”],有待观察,物种,,,,,,,,,,,,,
"Strongylocentrotus intermedius (A.Agassiz, 1864)",中间圆甲鱼,动物,棘皮动物,海胆总科,驼齿兽,圆甲虫科,,[“海洋”],无效的,物种,外来物种,,,,,,,,,,,,
"Solea solea (Linnaeus, 1758)",鞋底鞋底,动物,脊索动物,放线蕨,侧鳅目,鳅科,,[“咸味”，“海洋”],无效的,物种,外来物种,,,,,,,,,,,,
Polygonum aviculare L.,家禽鸟,植物界,被子植物门,木兰纲,石竹目,蓼科,,[“陆地”],有待观察,物种,,,,,,,,,,,,,
Ipomoea carnea Jacq.,红薯,植物界,被子植物门,木兰纲,茄目,旋花科,,[“陆地”],侵入性的,物种,,,,,,,,,,,,,
"Hippocampus kuda Bleeker, 1852",海马库达,动物,脊索动物,放线蕨,鳅形目,鳅科,,[“海洋”],无效的,物种,外来物种,,,,,,,,,,,,
"Lactoria cornuta (Linnaeus, 1758)",有角的挤奶女工,动物,脊索动物,放线蕨,河齿形目,鸵鸟科,,[“咸味”，“海洋”],无效的,物种,外来物种,,,,,,,,,,,,
"Bruchidius dorsalis (Fahraeus, 1839)",橘大布鲁基虫,动物,节肢动物,昆虫纲,鞘翅目,叶甲科,,[“陆地”],无效的,物种,外来物种,,,,,,,,,,,,
Phalaris paradoxa L.,法拉里斯悖论,植物界,被子植物门,软虫纲,波阿莱斯,禾本科,,[“陆地”、“淡水”],有待观察,物种,,,,,,,,,,,,,
"Acipenser gueldenstaedtii Brandt & Ratzeburg, 1831",盖氏鲟,动物,脊索动物,放线蕨,鲟形目,鲟科,,[“淡水”、“咸水”、“海洋”],无效的,物种,外来物种,,,,,,,,,,,,
Chaetoceros curvisetus Cleve,弯曲角毛藻,网络色藻界,苍藻门,硅藻纲,角毛藻目,角毛藻科,,[“海洋”],无效的,物种,外来物种,,,,,,,,,,,,
Ambrosia psilostachya DC. (Ambrosia peruviana DC.;Ambrosia hispida Torr.;Ambrosia glandulosa Schelle),豚草,植物界,被子植物门,木兰纲,菊目,菊科,,[“陆地”],侵入性的,物种,,,,,,,,,,,,,
Oxalis latifolia Kunth,酢浆草,植物界,被子植物门,木兰纲,酢浆草目,酢浆草科,,[“陆地”],侵入性的,物种,,,,,,,,,,,,,
"Prorocentrum balticum (Lohmann) Loeblich Iii, 1970",波罗的海原甲藻,网络色藻界,粘体动物亚门,甲藻纲,原中央目,原甲藻科,,[“海洋”],无效的,物种,外来物种,,,,,,,,,,,,
Laspeyresia pomonella,苹果蠹蛾,动物,节肢动物,昆虫纲,鳞翅目,尺蛾科,,[“陆地”],侵入性的,物种,外来物种,,,,,,,,,,,,
Solanum triflorum Nuttall,三花茄,植物界,被子植物门,木兰纲,茄目,茄科,,[“陆地”],有待观察,物种,,,,,,,,,,,,,
"Crassostrea gigas (Thunberg, 1793)",麦哲伦巨星,动物,贝类,双壳类,奥斯特雷达,牡蛎科,,[“海洋”],无效的,物种,外来物种,,,,,,,,,,,,
Hyptis suaveolens (L.) Poit.,芳香的中间层,植物界,被子植物门,木兰纲,唇形目,唇形科,,[“陆地”],侵入性的,物种,,,,,,,,,,,,,
Passiflora foetida L.,西番莲,植物界,被子植物门,木兰纲,金虎目,西番莲科,,[“陆地”],侵入性的,物种,,,,,,,,,,,,,
"Blattella germanica (Linnaeus, 1767)",德国小蠊,动物,节肢动物,昆虫纲,蜚蠊总科,水螅科,,[“陆地”],侵入性的,物种,外来物种,,,,,,,,,,,,
"Oreochromis aureus (Steindachner, 1864)",金黄色罗非鱼,动物,脊索动物,放线蕨,鲈形目,丽鱼科,,[“淡水”、“咸水”],侵入性的,物种,外来物种,,,,,,,,,,,,
Solanum scabrum Miller,茄果,植物界,被子植物门,木兰纲,茄目,茄科,,[“陆地”],有待观察,物种,,,,,,,,,,,,,
Ageratum houstonianum Mill.,他是休斯敦人,植物界,被子植物门,木兰纲,菊目,菊科,,[“陆地”],侵入性的,物种,,,,,,,,,,,,,
"Liriomyza trifolii Burgess, 1880",三叶斑潜蝇,动物,节肢动物,昆虫纲,双翅目,禾本科,,[“陆地”],侵入性的,物种,外来物种,,,,,,,,,,,,
"Huso huso (Linnaeus, 1758)",主轴 主轴,动物,脊索动物,放线蕨,鲟形目,鲟科,,[“淡水”、“咸水”、“海洋”],无效的,物种,外来物种,,,,,,,,,,,,
Amaranthus hybridus L.,苋菜,植物界,被子植物门,木兰纲,石竹目,苋科,,[“陆地”],侵入性的,物种,,,,,,,,,,,,,
"Schizoporella unicornis (Johnston, 1844)",独角裂孔菌,动物,苔藓虫纲,裸露目,唇口科,裂孔菌科,,[“海洋”],无效的,物种,外来物种,,,,,,,,,,,,
Senna hirsuta (L.) H.S.Irwin & Barneby,番泻叶毛茸茸的,植物界,被子植物门,木兰纲,豆目,豆科,,[“陆地”],有待观察,物种,,,,,,,,,,,,,
Acanthospermum hispidum DC.,刺子草,植物界,被子植物门,木兰纲,菊目,菊科,,[“陆地”],侵入性的,物种,,,,,,,,,,,,,
"Leptinotarsa decemlineata (Say, 1824)",十线马甲虫,动物,节肢动物,昆虫纲,鞘翅目,叶甲科,,[“陆地”],侵入性的,物种,外来物种,,,,,,,,,,,,
"Haliotis discus Reeve, 1846",七彩鲍,动物,贝类,腹足类,勒佩特利达,鲍科,,[“海洋”],无效的,物种,外来物种,,,,,,,,,,,,
"Pampus argenteus (Euphrasen, 1788)",银掌,动物,脊索动物,放线蕨,鲈形目,石甲科,,[“海洋”],无效的,物种,外来物种,,,,,,,,,,,,
Lolium multiflorum Lam.,多花百合,植物界,被子植物门,软虫纲,波阿莱斯,禾本科,,[“陆地”],有待观察,物种,,,,,,,,,,,,,
"Lasioderma serricorne (Fabricius, 1792)",锯齿毛皮病,动物,节肢动物,昆虫纲,鞘翅目,臭虫科,,[“陆地”],无效的,物种,外来物种,,,,,,,,,,,,
Leucanthemum vulgare Lam.,白花花,植物界,被子植物门,木兰纲,菊目,菊科,,[“陆地”],侵入性的,物种,,,,,,,,,,,,,
"Pomacanthus paru (Bloch, 1787)",长毛刺,动物,脊索动物,放线蕨,鲈形目,长尾科,,[“海洋”],无效的,物种,外来物种,,,,,,,,,,,,
Glyceria maxima Holmb.,最大甘油,植物界,被子植物门,软虫纲,波阿莱斯,禾本科,,[“陆地”、“淡水”],有待观察,物种,,,,,,,,,,,,,
Fusarium oxysporum Schltdl.,尖孢镰刀菌,真菌,无性型真菌门,半知菌纲,从梗孢目,瘤座孢科,镰刀菌属,[“主持人”],无效的,物种,外来物种,,,,,,,,,,,,
Chaetodon rafflesii Anonymous,莱佛士毛齿兽,动物,脊索动物,放线蕨,鲈形目,毛齿兽科,,[“海洋”],无效的,物种,外来物种,,,,,,,,,,,,
Oenothera laciniata Hill,月见草,植物界,被子植物门,木兰纲,香桃木目,柳叶菜科,,[“陆地”],有待观察,物种,,,,,,,,,,,,,
Phytolacca americana L.,美洲商陆,植物界,被子植物门,木兰纲,石竹目,商陆科,,[“陆地”],侵入性的,物种,,,,,,,,,,,,,
Amaranthus spinosus L.,刺苋,植物界,被子植物门,木兰纲,石竹目,苋科,,[“陆地”],侵入性的,物种,,,,,,,,,,,,,
Taeniothrips simplex,单纯带蓟马,动物,节肢动物,昆虫纲,缨翅目,蓟马科,,[“陆地”],无效的,物种,外来物种,,,,,,,,,,,,
Amaranthus standleyanus Parodi ex Covas,苋菜,植物界,被子植物门,木兰纲,石竹目,苋科,,[“陆地”],有待观察,物种,,,,,,,,,,,,,
Stachytarpheta jamaicensis (L.) Vahl,牙买穗穗花,植物界,被子植物门,木兰纲,唇形目,马鞭草科,,[“陆地”],侵入性的,物种,,,,,,,,,,,,,
Smallanthus uvedalia (L.) Mack.,小花,植物界,被子植物门,木兰纲,菊目,菊科,,[“陆地”],侵入性的,物种,,,,,,,,,,,,,
Mevardonia procumbens (Mill.)Small,匍匐的梅瓦尔多尼亚,植物界,被子植物门,木兰纲,唇形目,车前草科,,[“陆地”],侵入性的,物种,,,,,,,,,,,,,
Dichanthelium acuminatum (Swartz)G. et C. A. Clark,剧烈的恐慌,植物界,被子植物门,软虫纲,波阿莱斯,禾本科,,[“陆地”],有待观察,物种,,,,,,,,,,,,,
Macroptilium atropurpureum (L.) Urb.,紫叶大翼藻,植物界,被子植物门,木兰纲,豆目,豆科,,[“陆地”],有待观察,物种,,,,,,,,,,,,,
"Lithobates heckscheri (Wright, 1924)",石斑鱼,动物,脊索动物,两栖类,阿努拉,蛙科,,[“陆地”、“淡水”],无效的,物种,外来物种,,,,,,,,,,,,
"Chaetodon vagabundus Linnaeus, 1758",流浪毛齿兽,动物,脊索动物,放线蕨,鲈形目,毛齿兽科,,[“海洋”],无效的,物种,外来物种,,,,,,,,,,,,
Opuntia ficus-indica Mill.,仙人掌,植物界,被子植物门,木兰纲,石竹目,仙人掌科,,[“陆地”],侵入性的,物种,,,,,,,,,,,,,
Veronica peregrina L.,维罗妮卡朝圣者,植物界,被子植物门,木兰纲,唇形目,车前草科,,[“陆地”],侵入性的,物种,,,,,,,,,,,,,
"Tapinoma melanocephalum (Fabricius, 1793)",黑头绦虫,动物,节肢动物,昆虫纲,膜翅目,蚂,,[“陆地”],侵入性的,物种,外来物种,,,,,,,,,,,,
"Tribolium confusum Jaquelin Du Val, 1868",混淆的谷盗,动物,节肢动物,昆虫纲,鞘翅目,拟步甲科,,[“陆地”],无效的,物种,外来物种,,,,,,,,,,,,
Amaranthus dubius Martius ex Thellung,苋菜存疑,植物界,被子植物门,木兰纲,石竹目,苋科,,[“陆地”],有待观察,物种,,,,,,,,,,,,,
"Litopenaeus stylirostris (Stimpson, 1874)",细角滨对虾,动物,节肢动物,软甲纲,十足目,对虾科,,[“咸味”，“海洋”],无效的,物种,外来物种,,,,,,,,,,,,
Talinum paniculatum (Jacq.) Gaertn.,颗粒状塔林,植物界,被子植物门,木兰纲,石竹目,槐科,,[“陆地”],侵入性的,物种,,,,,,,,,,,,,
"Batrachochytrium dendrobatidis Longcore, Pessier & D.K.Nichols",石斛壶菌,真菌,壶菌门,壶菌纲,根丝菌目,蛙壶菌属,,[“主持人”],无效的,物种,外来物种,,,,,,,,,,,,
"Mytilopsis sallei (Récluz, 1849)",沙氏贻贝,动物,贝类,双壳类,在我的,德雷森科,,[“咸味”，“海洋”],无效的,物种,外来物种,,,,,,,,,,,,
Erigeron bonariensis,香丝草,植物界,被子植物门,木兰纲,菊目,菊科,,[“陆地”],侵入性的,物种,,,,,,,,,,,,,
Paspalum plicatulum Michaux,褶雀稗,植物界,被子植物门,软虫纲,波阿莱斯,禾本科,,[“陆地”],有待观察,物种,,,,,,,,,,,,,
"Ceratium furca (Ehrenberg) Claparède & Lachmann, 1859",三叉叉,网络色藻界,粘体动物亚门,甲藻纲,膝沟藻目,角藻科,,[“海洋”],无效的,物种,外来物种,,,,,,,,,,,,
Stylosanthes guianensis (Aublet) Swartz,圭亚那柱花草,植物界,被子植物门,木兰纲,豆目,豆科,,[“陆地”],有待观察,物种,,,,,,,,,,,,,
"Aculops lycopersici (Massee, 1937)",番茄刺猬,动物,节肢动物,蜘蛛纲动物,前柱目,枇杷科,,[“主持人”],无效的,物种,外来物种,,,,,,,,,,,,
Ipomoea nil (L.) Roth,甘薯,植物界,被子植物门,木兰纲,茄目,旋花科,,[“陆地”],侵入性的,物种,,,,,,,,,,,,,
Oenothera stricta Link,月见草,植物界,被子植物门,木兰纲,香桃木目,柳叶菜科,,[“陆地”],有待观察,物种,,,,,,,,,,,,,
"Balanus eburneus Gould, 1841",象牙龟头,动物,节肢动物,颌足类,塞西利亚,龟科,,[“咸味”，“海洋”],无效的,物种,外来物种,,,,,,,,,,,,
Pennisetum clandestinum Hochst. ex Chiov.,秘密的蜈蚣,植物界,被子植物门,软虫纲,波阿莱斯,禾本科,,[“陆地”],有待观察,物种,,,,,,,,,,,,,
Melinis minutiflora P.Beauv.,小花蜂草,植物界,被子植物门,软虫纲,波阿莱斯,禾本科,,[“陆地”],有待观察,物种,,,,,,,,,,,,,
"Pangasianodon gigas Chevey, 1931",巨鲶,动物,脊索动物,放线蕨,鲶形目,鲶鱼科,,[“淡水”],无效的,物种,外来物种,,,,,,,,,,,,
Rhodeus ocellatus ocellatus,眼斑罗德鱼,动物,脊索动物,放线蕨,鲤形目,鲤科,,[“淡水”、“咸水”],无效的,物种,外来物种,,,,,,,,,,,,
"Rhizosolenia styliformis Brightwell, 1858",柱状根管藻,网络色藻界,苍藻门,硅藻纲,根管藻目,根管藻科,,[“海洋”],无效的,物种,外来物种,,,,,,,,,,,,
Cenchrus echinatus L.,刺蝾螈,植物界,被子植物门,软虫纲,波阿莱斯,禾本科,,[“陆地”],侵入性的,物种,,,,,,,,,,,,,
"Chaetodon falcula Bloch, 1795",斑齿兽,动物,脊索动物,放线蕨,鲈形目,毛齿兽科,,[“海洋”],无效的,物种,外来物种,,,,,,,,,,,,
Hydrocotyle verticillata Thunb.,轮叶藻,植物界,被子植物门,木兰纲,蜜蜂目,伞形科,,[“陆地”、“淡水”],侵入性的,物种,,,,,,,,,,,,,
"Liriomyza huidobrensis Blanchard, 1926",南美斑潜蝇,动物,节肢动物,昆虫纲,双翅目,禾本科,,[“陆地”],侵入性的,物种,外来物种,,,,,,,,,,,,
"Paralichthys dentatus (Linnaeus, 1766)",齿牙鲆,动物,脊索动物,放线蕨,侧鳅目,牙鲆科,,[“海洋”],无效的,物种,外来物种,,,,,,,,,,,,
"Bidyanus bidyanus (Mitchell, 1838)",比迪亚努斯,动物,脊索动物,放线蕨,鲈形目,鳅科,,[“淡水”],无效的,物种,外来物种,,,,,,,,,,,,
Spartina alterniflora Loisel.,互花孢子粉,植物界,被子植物门,软虫纲,波阿莱斯,禾本科,,[“陆地”、“咸味”],侵入性的,物种,,,,,,,,,,,,,
"Liriomyza sativae Blanchard, 1938",美洲斑潜蝇,动物,节肢动物,昆虫纲,双翅目,禾本科,,[“陆地”],侵入性的,物种,外来物种,,,,,,,,,,,,
Trifolium hybridum L.,三叶草,植物界,被子植物门,木兰纲,豆目,豆科,,[“陆地”],有待观察,物种,,,,,,,,,,,,,
"Centropristis striata (Linnaeus, 1758)",纹状中心锯藻,动物,脊索动物,放线蕨,鲈形目,鮨科,,[“海洋”],无效的,物种,外来物种,,,,,,,,,,,,
Martynia annua L.,黄花菊,植物界,被子植物门,木兰纲,唇形目,马丁草科,,[“陆地”],有待观察,物种,,,,,,,,,,,,,
"Rhyzopertha dominica (Fabricius, 1792)",多米蠹蛾,动物,节肢动物,昆虫纲,鞘翅目,蝽科,,[“陆地”],无效的,物种,外来物种,,,,,,,,,,,,
"Verasper moseri Jordan & Gilbert, 1898",斑鲽,动物,脊索动物,放线蕨,侧鳅目,侧鹬科,,[“海洋”],无效的,物种,外来物种,,,,,,,,,,,,
Prorocentrum gracile F.Schütt,纤细原甲藻,网络色藻界,粘体动物亚门,甲藻纲,原中央目,原甲藻科,,[“海洋”],无效的,物种,外来物种,,,,,,,,,,,,
Voacanga africana Stapf ex S.Elliot.,非洲沃坎加,植物界,被子植物门,木兰纲,龙胆目,夹竹桃科,,[“陆地”],侵入性的,物种,,,,,,,,,,,,,
Solanum capsicoides All.,辣椒茄,植物界,被子植物门,木兰纲,茄目,茄科,,[“陆地”],侵入性的,物种,,,,,,,,,,,,,
Thlaspi arvense L.,芥菜植物,植物界,被子植物门,木兰纲,芸苔目,十字花科,,[“陆地”],有待观察,物种,,,,,,,,,,,,,
Cabomba caroliniana A.Gray,卡罗莱纳卡邦巴,植物界,被子植物门,木兰纲,睡莲目,赤霞珠科,,[“淡水”],侵入性的,物种,,,,,,,,,,,,,
"Piaractus brachypomus (Cuvier, 1818)",短皮亚拉克鱼,动物,脊索动物,放线蕨,轮形目,锯齿鲑科,,[“淡水”],无效的,物种,外来物种,,,,,,,,,,,,
Karenia mikimotoi (Miyake & Kominami ex Oda) G.Hansen & Moestrup,米木本凯伦藻,网络色藻界,粘体动物亚门,甲藻纲,裸甲藻目,卡伦尼亚科,,[“海洋”],无效的,物种,外来物种,,,,,,,,,,,,
Sonchus arvensis L.,桑葚,植物界,被子植物门,木兰纲,菊目,菊科,,[“陆地”],侵入性的,物种,,,,,,,,,,,,,
"Cryptorhynchus lapathi (Linnaeus & C., 1758)",拉帕隐喙鱼,动物,节肢动物,昆虫纲,鞘翅目,象甲科,,[“陆地”],侵入性的,物种,外来物种,,,,,,,,,,,,
Tithonia rotundifolia (Mill.)S. F. Blake,圆叶提索尼亚,植物界,被子植物门,木兰纲,菊目,菊科,,[“陆地”],侵入性的,物种,,,,,,,,,,,,,
Guinardia flaccida (Castracane) H.Perag.,软桂圆,网络色藻界,苍藻门,硅藻纲,根管藻目,根管藻科,,[“海洋”],无效的,物种,外来物种,,,,,,,,,,,,
Euphorbia marginata Pursh,大戟,植物界,被子植物门,木兰纲,金虎目,大戟科,,[“陆地”],有待观察,物种,,,,,,,,,,,,,
Amaranthus graecizans L.subsp. sylvestris (Vill.)Aschers.,苋菜,植物界,被子植物门,木兰纲,石竹目,苋科,,[“陆地”],有待观察,物种,,,,,,,,,,,,,
Solanum aculeatissimum Jacq.,最刺的茄属植物,植物界,被子植物门,木兰纲,茄目,茄科,,[“陆地”],侵入性的,物种,,,,,,,,,,,,,
Leptocylindrus danicus Cleve,丹尼细柱藻,网络色藻界,苍藻门,硅藻纲,细柱目,细柱菌科,,[“海洋”],无效的,物种,外来物种,,,,,,,,,,,,
"Sternochetus mangiferae (Fabricius & J.C., 1775)",芒果胸甲虫,动物,节肢动物,昆虫纲,鞘翅目,象甲科,,[“陆地”],无效的,物种,外来物种,,,,,,,,,,,,
"Crisia eburneo-denticulata Smitt, 1875",Eburneo-denticulata危机,动物,苔藓虫纲,狭腹藻,环口虫纲,危机科,,[“海洋”],无效的,物种,外来物种,,,,,,,,,,,,
"Oracella acuta (Lobdell, 1930)",急性甲骨文,动物,节肢动物,昆虫纲,半翅目,拟球虫科,,[“主持人”],侵入性的,物种,外来物种,,,,,,,,,,,,
"Rhizosolenia calcar-avis M.Schultze, 1858",根管藻-评论,网络色藻界,苍藻门,硅藻纲,根管藻目,根管藻科,,[“海洋”],无效的,物种,外来物种,,,,,,,,,,,,
Bidens frondosa L.,鬼针草叶,植物界,被子植物门,木兰纲,菊目,菊科,,[“陆地”],侵入性的,物种,,,,,,,,,,,,,
"Mercenaria mercenaria (Linnaeus, 1758)",雇佣兵 雇佣兵,动物,贝类,双壳类,星期五,星期五,,[“海洋”],无效的,物种,外来物种,,,,,,,,,,,,
"Micropterus salmoides (Lacepède, 1802)",鲑鱼,动物,脊索动物,放线蕨,鲈形目,甲虫科,,[“淡水”],无效的,物种,外来物种,,,,,,,,,,,,
Bromus arvensis L.,雀麦,植物界,被子植物门,软虫纲,波阿莱斯,禾本科,,[“陆地”],有待观察,物种,,,,,,,,,,,,,
"Schilbe mystus (Linnaeus, 1758)",西尔伯狐蝠,动物,脊索动物,放线蕨,鲶形目,石螽科,,[“淡水”],无效的,物种,外来物种,,,,,,,,,,,,
"Gambusia affinis (Baird & Girard, 1853)",类似于 冈布西亚,动物,脊索动物,放线蕨,鲤鱼目,鲅鱼科,,[“淡水”、“咸水”],侵入性的,物种,外来物种,,,,,,,,,,,,
Crassocephalum rubens (Jacq.) S.Moore,粗头红,植物界,被子植物门,木兰纲,菊目,菊科,,[“陆地”],侵入性的,物种,,,,,,,,,,,,,
Cyclachaena xanthiifolia(Nuttall)Fres.,青藤,植物界,被子植物门,木兰纲,菊目,菊科,,[“陆地”],侵入性的,物种,,,,,,,,,,,,,
Veronica arvensis L.,维罗妮卡阿文西斯,植物界,被子植物门,木兰纲,唇形目,车前草科,,[“陆地”],侵入性的,物种,,,,,,,,,,,,,
Euphorbia heterophylla L.,大戟,植物界,被子植物门,木兰纲,金虎目,大戟科,,[“陆地”],侵入性的,物种,,,,,,,,,,,,,
"Bactrocera tsuneonis (Miyake, 1919)",津氏小实蝇,动物,节肢动物,昆虫纲,双翅目,实蝇科,,[“陆地”],侵入性的,物种,外来物种,,,,,,,,,,,,
Desmanthus pernambucanus (L.) Thell.,伯南布加花,植物界,被子植物门,木兰纲,豆目,豆科,,[“陆地”],有待观察,物种,,,,,,,,,,,,,
Silene gallica L.,无声法语,植物界,被子植物门,木兰纲,石竹目,石竹科,,[“陆地”],有待观察,物种,,,,,,,,,,,,,
"Carassius carassius (Linnaeus, 1758)",鲫鱼,动物,脊索动物,放线蕨,鲤形目,鲤科,,[“淡水”、“咸水”],无效的,物种,外来物种,,,,,,,,,,,,
Amaranthus cruentus L.,血苋菜,植物界,被子植物门,木兰纲,石竹目,苋科,,[“陆地”],侵入性的,物种,,,,,,,,,,,,,
"Scophthalmus maximus (Linnaeus, 1758)",大菱鲆,动物,脊索动物,放线蕨,侧鳅目,菱科,,[“咸味”，“海洋”],无效的,物种,外来物种,,,,,,,,,,,,
"Callosobruchus phaseoli (Gyllenhal, 1833)",菜豆,动物,节肢动物,昆虫纲,鞘翅目,叶甲科,,[“陆地”],无效的,物种,外来物种,,,,,,,,,,,,
"Takifugu ocellatus (Linnaeus, 1758)",斑东方鲀,动物,脊索动物,放线蕨,河齿形目,四齿兽科,,[“淡水”、“咸水”、“海洋”],无效的,物种,外来物种,,,,,,,,,,,,
Acmella radicans var. debilis (Kunth)R. K. Jansen,赤霉,植物界,被子植物门,木兰纲,菊目,菊科,,[“陆地”],侵入性的,变种,,,,,,,,,,,,,
Sonneratia apetala Buch.-Ham.,无瓣海桑,植物界,被子植物门,木兰纲,香桃木目,千屈菜科,,[“咸味”，“海洋”],有待观察,物种,,,,,,,,,,,,,
"Oncorhynchus keta (Walbaum, 1792)",虹鳟,动物,脊索动物,放线蕨,鲑形目,鲑鱼科,,[“淡水”、“咸水”、“海洋”],无效的,物种,外来物种,,,,,,,,,,,,
Anthemis arvensis L.,春花,植物界,被子植物门,木兰纲,菊目,菊科,,[“陆地”],有待观察,物种,,,,,,,,,,,,,
Amaranthus hypochondriacus L.,胁苋,植物界,被子植物门,木兰纲,石竹目,苋科,,[“陆地”],有待观察,物种,,,,,,,,,,,,,
Reseda lutea L.,琵琶居,植物界,被子植物门,木兰纲,芸苔目,木犀科,,[“陆地”],侵入性的,物种,,,,,,,,,,,,,
Diplotaxis muralis DC.,壁双轴,植物界,被子植物门,木兰纲,芸苔目,十字花科,,[“陆地”],有待观察,物种,,,,,,,,,,,,,
"Desmarestia ligulata (Stackhouse) Lamoroux, 1813",德斯马雷斯蒂亚束缚,网络色藻界,苍藻门,褐藻纲,迪马雷斯蒂亚斯,蔷薇科,,[“海洋”],无效的,物种,外来物种,,,,,,,,,,,,
Antigonon leptopus Hook. & Arn.,安提戈涅·勒托普斯,植物界,被子植物门,木兰纲,石竹目,蓼科,,[“陆地”],有待观察,物种,,,,,,,,,,,,,
Ipomoea triloba L.,红薯,植物界,被子植物门,木兰纲,茄目,旋花科,,[“陆地”],侵入性的,物种,,,,,,,,,,,,,
"Cynoscion nebulosus (Cuvier, 1830)",星云食蟹猴,动物,脊索动物,放线蕨,鲈形目,石首鱼科,,[“咸味”，“海洋”],无效的,物种,外来物种,,,,,,,,,,,,
Merremia tuberosa Dammer,马铃薯,植物界,被子植物门,木兰纲,茄目,旋花科,,[“陆地”],有待观察,物种,,,,,,,,,,,,,
Trifolium incarnatum L.,化身三叶草,植物界,被子植物门,木兰纲,豆目,豆科,,[“陆地”],有待观察,物种,,,,,,,,,,,,,
"Cryptotermes brevis (Walker, 1853)",短隐白蚁,动物,节肢动物,昆虫纲,蜚蠊总科,白蚁科,,[“陆地”],无效的,物种,外来物种,,,,,,,,,,,,
Bryophyllum daigremontianum (Raym.-Hamet. et H. Perrier)A. Berger,长寿花,植物界,被子植物门,木兰纲,虎耳草目,景天科,,[“陆地”],有待观察,物种,,,,,,,,,,,,,
"Lepisosteus oculatus Winchell, 1864",鱼眼,动物,脊索动物,放线蕨,鳞石目,鳞翅目,,[“淡水”],无效的,物种,外来物种,,,,,,,,,,,,
"Channa striata (Bloch, 1793)",鳐鱼条纹,动物,脊索动物,放线蕨,鲈形目,鳅科,,[“淡水”、“咸水”],无效的,物种,外来物种,,,,,,,,,,,,
Indigofera suffruticosa Mill.,木蓝,植物界,被子植物门,木兰纲,豆目,豆科,,[“陆地”],有待观察,物种,,,,,,,,,,,,,
Parthenium argentatum A. Gray,银色的帕台尼,植物界,被子植物门,木兰纲,菊目,菊科,,[“陆地”],有待观察,物种,,,,,,,,,,,,,
Paspalum malacophyllum Trin.,雀稗,植物界,被子植物门,软虫纲,波阿莱斯,禾本科,,[“陆地”],有待观察,物种,,,,,,,,,,,,,
"Oreochromis niloticus (Linnaeus, 1758)",尼罗罗非鱼,动物,脊索动物,放线蕨,鲈形目,丽鱼科,,[“淡水”、“咸水”],侵入性的,物种,外来物种,,,,,,,,,,,,
"Siganus unimaculatus (Evermann & Seale, 1907)",西西奥斯被逼入绝境,植物界,被子植物门,木兰纲,葫芦目,葫芦科,,[“陆地”],有待观察,物种,,,,,,,,,,,,,
Abutilon theophrasti Medik.,泰奥弗拉斯托斯的苘麻,植物界,被子植物门,木兰纲,锦葵属,锦葵科,,[“陆地”],侵入性的,物种,,,,,,,,,,,,,
Physalis pubescens L.,毛酸浆,植物界,被子植物门,木兰纲,茄目,茄科,,[“陆地”],有待观察,物种,,,,,,,,,,,,,
Erechtites hieraciifolius Walp.,千叶草,植物界,被子植物门,木兰纲,菊目,菊科,,[“陆地”],有待观察,物种,,,,,,,,,,,,,
"Gambusia holbrooki Girard, 1859",霍尔布鲁克冈布西亚,动物,脊索动物,放线蕨,鲤鱼目,鲅鱼科,,[“淡水”、“咸水”],侵入性的,物种,外来物种,,,,,,,,,,,,
Ranunculus arvensis L.,毛茛,植物界,被子植物门,木兰纲,毛茛目,毛茛科,,[“陆地”],侵入性的,物种,,,,,,,,,,,,,
Urena lobata L.,叶尿藻,植物界,被子植物门,木兰纲,锦葵属,锦葵科,,[“陆地”],有待观察,物种,,,,,,,,,,,,,
"Euglandina rosea (Ferussac, 1818)",玫瑰眼裸藻,动物,贝类,腹足类,柱毛藻,绣线菊科,,[“陆地”],无效的,物种,外来物种,,,,,,,,,,,,
"Sarotherodon galilaeus (Linnaeus, 1758)",加利利齿兽,动物,脊索动物,放线蕨,鲈形目,丽鱼科,,[“淡水”、“咸水”],无效的,物种,外来物种,,,,,,,,,,,,
"Colossoma macropomum (Cuvier, 1816)",巨巨虫,动物,脊索动物,放线蕨,轮形目,锯齿鲑科,,[“淡水”],无效的,物种,外来物种,,,,,,,,,,,,
"Alexandrium catenella (Whedon & Kofoid) Balech, 1985",链状亚历山大藻,网络色藻界,粘体动物亚门,甲藻纲,膝沟藻目,膝沟藻科,,[“海洋”],无效的,物种,外来物种,,,,,,,,,,,,
Egeria dense Planch.,细叶伊吉利亚,植物界,被子植物门,软虫纲,泽泻目,水鳖科,,[“淡水”],有待观察,物种,,,,,,,,,,,,,
Paspalum urvillei Steud.,雀稗,植物界,被子植物门,软虫纲,波阿莱斯,禾本科,,[“陆地”],有待观察,物种,,,,,,,,,,,,,
Erechtites valerianifolius DC.,缬草,植物界,被子植物门,木兰纲,菊目,菊科,,[“陆地”],侵入性的,物种,,,,,,,,,,,,,
Calopogonium mucunoides Desv.,毛豆,植物界,被子植物门,木兰纲,豆目,豆科,,[“陆地”],侵入性的,物种,,,,,,,,,,,,,
"Daktulosphaira vitifoliae (Fitch, 1855)",葡萄叶藻,动物,节肢动物,昆虫纲,半翅目,根瘤蚜科,,[“主持人”],无效的,物种,外来物种,,,,,,,,,,,,
"Chrysiptera taupou (Jordan & Seale, 1906)",处女金翅目,动物,脊索动物,放线蕨,鲈形目,甲科,,[“海洋”],无效的,物种,外来物种,,,,,,,,,,,,
"Guignardia laricina (Sawada) W.Yamam. & Kaz.Itô, 1961",落叶松木,真菌,子囊菌门,丝菌纲,葡萄球菌目,叶盘科,,[“主持人”],无效的,物种,外来物种,,,,,,,,,,,,
"Pomacentrus alleni Burgess, 1981",亚氏松鼠,动物,脊索动物,放线蕨,鲈形目,甲科,,[“海洋”],无效的,物种,外来物种,,,,,,,,,,,,
Verbena bracteata Cav. ex Lagasca & Rodrriguez,镀马鞭草,植物界,被子植物门,木兰纲,唇形目,马鞭草科,,[“陆地”],有待观察,物种,,,,,,,,,,,,,
Opuntia dillenii,机会有限,植物界,被子植物门,木兰纲,石竹目,仙人掌科,,[“陆地”],侵入性的,物种,,,,,,,,,,,,,
Oenothera rosea Aiton,月见草,植物界,被子植物门,木兰纲,香桃木目,柳叶菜科,,[“陆地”],侵入性的,物种,,,,,,,,,,,,,
"Oxyeleotris marmorata (Bleeker, 1852)",斑叶木犀,动物,脊索动物,放线蕨,鲈形目,电蛾科,,[“淡水”],无效的,物种,外来物种,,,,,,,,,,,,
"Plodia interpunctella (Hubner, 1813)",谷螟,动物,节肢动物,昆虫纲,鳞翅目,螟科,,[“陆地”],无效的,物种,外来物种,,,,,,,,,,,,
Dinophysis acuminata Claparède & Lachmann,尖形甲藻,网络色藻界,粘体动物亚门,甲藻纲,甲藻目,甲藻科,,[“海洋”],无效的,物种,外来物种,,,,,,,,,,,,
"Styela magalhaensis Michaelsen, 1898",海龟,动物,脊索动物,海鞘科,斯托鳃亚目,柱科,,[“海洋”],无效的,物种,外来物种,,,,,,,,,,,,
"Pseudanthias tuka (Herre & Montalban, 1927)",假花,动物,脊索动物,放线蕨,鲈形目,鮨科,,[“海洋”],无效的,物种,外来物种,,,,,,,,,,,,
"Leptobarbus hoevenii (Bleeker, 1851)",胡氏细须巴尔鱼,动物,脊索动物,放线蕨,鲤形目,鲤科,,[“淡水”],无效的,物种,外来物种,,,,,,,,,,,,
Rhabdoscelus lineaticollis,线状横纹藻,动物,节肢动物,昆虫纲,鞘翅目,鳞螨科,,[“陆地”],侵入性的,物种,外来物种,,,,,,,,,,,,
"Centropyge bicolor (Bloch, 1787)",双色中心体,动物,脊索动物,放线蕨,鲈形目,长尾科,,[“海洋”],无效的,物种,外来物种,,,,,,,,,,,,
Oenothera tetraptera Cav.,四翅月见草,植物界,被子植物门,木兰纲,香桃木目,柳叶菜科,,[“陆地”],有待观察,物种,,,,,,,,,,,,,
Datura stramonium L.,曼陀罗,植物界,被子植物门,木兰纲,茄目,茄科,,[“陆地”],侵入性的,物种,,,,,,,,,,,,,
Chloris barbata Sw.,虎尾草雄性,植物界,被子植物门,软虫纲,波阿莱斯,禾本科,,[“陆地”],有待观察,物种,,,,,,,,,,,,,
"Aedes aegypti (Linnaeus, 1762)",埃及伊蚊,动物,节肢动物,昆虫纲,双翅目,蚊科,,[“陆地”、“淡水”],无效的,物种,外来物种,,,,,,,,,,,,
"Ips duplicatus Sahlberg, 1836",复纹博斯特里赫斯,动物,节肢动物,昆虫纲,鞘翅目,蝽科,,[“陆地”],无效的,物种,外来物种,,,,,,,,,,,,
Crotalaria incana L.,猪屎豆,植物界,被子植物门,木兰纲,豆目,豆科,,[“陆地”],有待观察,物种,,,,,,,,,,,,,
"Lates calcarifer (Bloch, 1790)",鲶鱼,动物,脊索动物,放线蕨,鲈形目,鹬科,,[“淡水”、“咸水”、“海洋”],无效的,物种,外来物种,,,,,,,,,,,,
"Ceratoneis closterium Ehrenberg, 1839",新月柱藻,网络色藻界,苍藻门,硅藻纲,杆菌目,硅藻科,,[“海洋”],无效的,物种,外来物种,,,,,,,,,,,,
"Monomorium destructor (Jerdon, 1851)",破坏者,动物,节肢动物,昆虫纲,膜翅目,蚂,,[“陆地”],无效的,物种,外来物种,,,,,,,,,,,,
Oenothera drummondii Hook.,月见草,植物界,被子植物门,木兰纲,香桃木目,柳叶菜科,,[“陆地”],侵入性的,物种,,,,,,,,,,,,,
"Erionota torus Evans, 1941",枇杷环面,动物,节肢动物,昆虫纲,鳞翅目,橙科,,[“陆地”],无效的,物种,外来物种,,,,,,,,,,,,
"Pterois radiata Cuvier, 1829",辐射蕨,动物,脊索动物,放线蕨,蝎形目,蝎科,,[“海洋”],无效的,物种,外来物种,,,,,,,,,,,,
"Anguillicoloides crassus (Kuwahara, Niimi & Itagaki, 1974) Moravec & Taraschewski, 1988",粗鳗,动物,线虫,下半场,螺旋目,鳗科,,[“主持人”],无效的,物种,外来物种,,,,,,,,,,,,
"Salvelinus leucomaenis pluvius (Hilgendorf, 1876)",白斑红点鲑,动物,脊索动物,放线蕨,鲑形目,鲑鱼科,,[“淡水”、“咸水”、“海洋”],无效的,物种,外来物种,,,,,,,,,,,,
Asterionellopsis glacialis (Castracane) Round,冰海星藻,网络色藻界,苍藻门,硅藻纲,脆弱菌目,脆杆藻科,,[“海洋”],无效的,物种,外来物种,,,,,,,,,,,,
"Achatina fulica (Férussac, 1821)",黄花丽鱼,动物,贝类,腹足类,柱毛藻,螺科,,[“陆地”],侵入性的,物种,外来物种,,,,,,,,,,,,
"Lepomis cyanellus Rafinesque, 1819",蓝鱼,动物,脊索动物,放线蕨,鲈形目,甲虫科,,[“淡水”],无效的,物种,外来物种,,,,,,,,,,,,
"Anguilla marmorata Quoy & Gaimard, 1824",大理石鳗,动物,脊索动物,放线蕨,鳗形目,鳗科,,[“淡水”、“咸水”、“海洋”],无效的,物种,外来物种,,,,,,,,,,,,
"Aedes albopictus Skuse, 1894",白纹伊蚊,动物,节肢动物,昆虫纲,双翅目,蚊科,,[“陆地”、“淡水”],无效的,物种,外来物种,,,,,,,,,,,,
"Styela plicata (Lesueur, 1823)",款式折叠,动物,脊索动物,海鞘科,斯托鳃亚目,柱科,,[“海洋”],无效的,物种,外来物种,,,,,,,,,,,,
Venturia inaequalis (Cooke) G.Winter,不平坦的冒险,真菌,子囊菌门,丝菌纲,文丘里亚目,文丘里科,,[“主持人”],无效的,物种,外来物种,,,,,,,,,,,,
Catharanthus roseus G.Don,长春花,植物界,被子植物门,木兰纲,龙胆目,夹竹桃科,,[“陆地”],侵入性的,物种,,,,,,,,,,,,,
"Pomacanthus annularis (Bloch, 1787)",环长毛刺,动物,脊索动物,放线蕨,鲈形目,长尾科,,[“海洋”],无效的,物种,外来物种,,,,,,,,,,,,
"Heniochus singularius Smith & Radcliffe, 1911",赫尼奥克斯更为独特,动物,脊索动物,放线蕨,鲈形目,毛齿兽科,,[“海洋”],无效的,物种,外来物种,,,,,,,,,,,,
Chenopodium hybridum L.,藜杂种,植物界,被子植物门,木兰纲,石竹目,苋科,,[“陆地”],侵入性的,物种,,,,,,,,,,,,,
Phalaris minor Retz.,小鸬鹚,植物界,被子植物门,软虫纲,波阿莱斯,禾本科,,[“陆地”、“淡水”],有待观察,物种,,,,,,,,,,,,,
Mimosa pigra L.,懒惰的含羞草,植物界,被子植物门,木兰纲,豆目,豆科,,[“陆地”],有待观察,物种,,,,,,,,,,,,,
"Oncorhynchus gorbuscha (Walbaum, 1792)",虹鳟,动物,脊索动物,放线蕨,鲑形目,鲑鱼科,,[“淡水”、“咸水”、“海洋”],无效的,物种,外来物种,,,,,,,,,,,,
Solanum erianthum D.Don,茄属不同,植物界,被子植物门,木兰纲,茄目,茄科,,[“陆地”],侵入性的,物种,,,,,,,,,,,,,
Echinocystis lobata (Mich.)Torr. et Gray,叶棘囊藻,植物界,被子植物门,木兰纲,葫芦目,葫芦科,,[“陆地”],有待观察,物种,,,,,,,,,,,,,
Phyllanthus tenellus Roxb.,细叶下珠,植物界,被子植物门,木兰纲,金虎目,余下珠科,,[“陆地”],有待观察,物种,,,,,,,,,,,,,
"Coregonus artedi Lesueur, 1818",阿尔泰迪蜥蜴,动物,脊索动物,放线蕨,鲑形目,鲑鱼科,,[“淡水”、“咸水”、“海洋”],无效的,物种,外来物种,,,,,,,,,,,,
Heterocapsa circularisquama,圆鳞异壳藻,网络色藻界,粘体动物亚门,甲藻纲,围甲藻目,辣椒科,,[“海洋”],无效的,物种,外来物种,,,,,,,,,,,,
"Agrilus mali Matsumura, 1924",一个很坏的人,动物,节肢动物,昆虫纲,鞘翅目,鳅科,,[“陆地”],无效的,物种,外来物种,,,,,,,,,,,,
Stachys arvensis L.,水苏,植物界,被子植物门,木兰纲,唇形目,唇形科,,[“陆地”],有待观察,物种,,,,,,,,,,,,,
Oenothera biennis L.,月见草,植物界,被子植物门,木兰纲,香桃木目,柳叶菜科,,[“陆地”],有待观察,物种,,,,,,,,,,,,,
Solanum viarum Dunal,道路上的茄属植物,植物界,被子植物门,木兰纲,茄目,茄科,,[“陆地”],有待观察,物种,,,,,,,,,,,,,
"Cryptotermes domesticus (Haviland, 1898)",家白蚁,动物,节肢动物,昆虫纲,蜚蠊总科,白蚁科,,[“陆地”],无效的,物种,外来物种,,,,,,,,,,,,
Ceratium tripos (O.F.Müller) Nitsch.,穆勒里氏菌,网络色藻界,粘体动物亚门,甲藻纲,膝沟藻目,角藻科,,[“海洋”],无效的,物种,外来物种,,,,,,,,,,,,
Pennisetum polystachion (L.) Schult.,多穗苋菜,植物界,被子植物门,软虫纲,波阿莱斯,禾本科,,[“陆地”],侵入性的,物种,,,,,,,,,,,,,
"Solenopsis geminata (Fabricius, 1804)",红火蚁,动物,节肢动物,昆虫纲,膜翅目,蚂,,[“陆地”],侵入性的,物种,外来物种,,,,,,,,,,,,
Euphorbia helioscopia L.,大戟,植物界,被子植物门,木兰纲,金虎目,大戟科,,[“陆地”],侵入性的,物种,,,,,,,,,,,,,
Agrostemma githago L.,农草,植物界,被子植物门,木兰纲,石竹目,石竹科,,[“陆地”],侵入性的,物种,,,,,,,,,,,,,
Ipomoea coccinea L.,红花甘薯,植物界,被子植物门,木兰纲,茄目,旋花科,,[“陆地”],有待观察,物种,,,,,,,,,,,,,
"Bos taurus Linnaeus, 1758",金牛座,动物,脊索动物,哺乳纲,偶蹄目,牛科,,[“陆地”],无效的,物种,外来物种,,,,,,,,,,,,
Lindernia rotudifolia (L.)Alston,圆叶林德尼亚,植物界,被子植物门,木兰纲,唇形目,鱼香科,,[“陆地”、“淡水”],有待观察,物种,,,,,,,,,,,,,
Thunbergia alata Bojer ex Sims,山楂,植物界,被子植物门,木兰纲,唇形目,爵床科,,[“陆地”],有待观察,物种,,,,,,,,,,,,,
Erigeron annuus Pers.,一年生灯盏花,植物界,被子植物门,木兰纲,菊目,菊科,,[“陆地”],侵入性的,物种,,,,,,,,,,,,,
"Anguina agrostis (Steinbuch, 1799)",田间的鳗鱼,动物,线虫,下半场,垫刃目,垫刃科,,[“主持人”],侵入性的,物种,外来物种,,,,,,,,,,,,
"Liriomyza bryoniae (Kaltenbach, 1858)",斑潜蝇,动物,节肢动物,昆虫纲,双翅目,禾本科,,[“陆地”],侵入性的,物种,外来物种,,,,,,,,,,,,
Oncorhynchus masou masou,虹鳟团块,动物,脊索动物,放线蕨,鲑形目,鲑鱼科,,[“淡水”、“咸水”、“海洋”],无效的,物种,外来物种,,,,,,,,,,,,
Solanum carolinense L.,加罗林茄,植物界,被子植物门,木兰纲,茄目,茄科,,[“陆地”],有待观察,物种,,,,,,,,,,,,,
Vachellia farnesiana (L.) Wight & Arn.,山茱萸,植物界,被子植物门,木兰纲,豆目,豆科,,[“陆地”],侵入性的,物种,,,,,,,,,,,,,
Sphagneticola trilobata (L.) Pruski,三叶泥炭藓,植物界,被子植物门,木兰纲,菊目,菊科,,[“陆地”],侵入性的,物种,,,,,,,,,,,,,
"Coregonus nasus (Pallas, 1776)",鲫鱼,动物,脊索动物,放线蕨,鲑形目,鲑鱼科,,[“淡水”、“咸水”],无效的,物种,外来物种,,,,,,,,,,,,
Spermacoce remota Lamak.,远程精囊,植物界,被子植物门,木兰纲,龙胆目,茜草科,,[“陆地”],侵入性的,物种,,,,,,,,,,,,,
Spartina anglica C.E.Hubb.,英国孢子球菌,植物界,被子植物门,软虫纲,波阿莱斯,禾本科,,[“陆地”、“咸味”],侵入性的,物种,,,,,,,,,,,,,
"Scortum barcoo (McCulloch & Waite, 1917)",一艘侦察船,动物,脊索动物,放线蕨,鲈形目,鳅科,,[“淡水”],无效的,物种,外来物种,,,,,,,,,,,,
Sorghum sudanenses (Piper) Stapf,高粱,植物界,被子植物门,软虫纲,波阿莱斯,禾本科,,[“陆地”],有待观察,物种,,,,,,,,,,,,,
Trachemys scripta scripta,写的Trachemys,动物,脊索动物,爬行动物,海龟,螨科,,[“陆地”、“淡水”],无效的,亚种,外来物种,,,,,,,,,,,,
Pistia stratiotes L.,水芹,植物界,被子植物门,软虫纲,泽泻目,天南星科,,[“淡水”],侵入性的,物种,,,,,,,,,,,,,
"Crepidula onyx G.B.Sowerby I, 1824",缟玛瑙,动物,贝类,腹足类,海藻目,蜉蝣科,,[“海洋”],无效的,物种,外来物种,,,,,,,,,,,,
"Calloplesiops altivelis (Steindachner, 1903)",山海龟,动物,脊索动物,放线蕨,鲈形目,蛇颈蛇科,,[“海洋”],无效的,物种,外来物种,,,,,,,,,,,,
Amaranthus powellii S. Watson subsp. bouchonii (Thell.)Costea et Carretero,苋菜,植物界,被子植物门,木兰纲,石竹目,苋科,,[“陆地”],有待观察,物种,,,,,,,,,,,,,
Mirabilis jalapa L.,紫茉莉,植物界,被子植物门,木兰纲,石竹目,胭脂树科,,[“陆地”],侵入性的,物种,,,,,,,,,,,,,
"Dysmicoccus neobrevipes Beardsley, 1959",新短尾绦虫,动物,节肢动物,昆虫纲,半翅目,拟球虫科,,[“主持人”],侵入性的,物种,外来物种,,,,,,,,,,,,
"Bruchus rufimanus Boheman, 1833",鲁菲曼布鲁克斯,动物,节肢动物,昆虫纲,鞘翅目,叶甲科,,[“陆地”],侵入性的,物种,外来物种,,,,,,,,,,,,
"Sander lucioperca (Linnaeus, 1758)",鲈鱼,动物,脊索动物,放线蕨,鲈形目,鲈科,,[“淡水”、“咸水”],无效的,物种,外来物种,,,,,,,,,,,,
Centaurea diffusa Lam.,矢车菊扩散,植物界,被子植物门,木兰纲,菊目,菊科,,[“陆地”],有待观察,物种,,,,,,,,,,,,,
"Mizuhopecten yessoensis (Jay, 1857)",虾夷扇贝,动物,贝类,双壳类,扇贝目,扇贝科,,[“海洋”],无效的,物种,外来物种,,,,,,,,,,,,
"Zebrasoma flavescens (Bennett, 1828)",淡斑斑马鱼,动物,脊索动物,放线蕨,鲈形目,棘鱼科,,[“海洋”],无效的,物种,外来物种,,,,,,,,,,,,
Avipoxvirus (AVP),禽痘病毒 (AVP),病毒,核细胞病毒门,在痘病毒中,壳病毒目,痘病毒科,,[“主持人”],无效的,物种,外来物种,,,,,,,,,,,,
"Saccharina japonica (J.E.Areschoug) C.E.Lane, C.Mayes, Druehl & G.W.Saunders, 2006",糖精,网络色藻界,苍藻门,褐藻纲,昆布藻,海带科,,[“海洋”],无效的,物种,外来物种,,,,,,,,,,,,
"Ciona intestinalis (Linnaeus, 1767)",肠藻,动物,脊索动物,海鞘科,静脉鳃亚纲,蝉科,,[“海洋”],无效的,物种,外来物种,,,,,,,,,,,,
"Solenopsis invicta Buren, 1972",红火蚁,动物,节肢动物,昆虫纲,膜翅目,蚂,,[“陆地”],侵入性的,物种,外来物种,,,,,,,,,,,,
"Tryblionella punctata W.Smith, 1853",点状锥菌,网络色藻界,苍藻门,硅藻纲,杆菌目,硅藻科,,[“海洋”],无效的,物种,外来物种,,,,,,,,,,,,
Dysphania ambrosioides (L.) Mosyakin & Clemants,臭虫,植物界,被子植物门,木兰纲,石竹目,苋科,,[“陆地”],侵入性的,物种,,,,,,,,,,,,,
Zinnia peruviana L.,秘鲁百日草,植物界,被子植物门,木兰纲,菊目,菊科,,[“陆地”],侵入性的,物种,,,,,,,,,,,,,
"Hemiberlesia pitysophila Takagi, 1969",松毛半柏藻,动物,节肢动物,昆虫纲,半翅目,双翅目,,[“主持人”],侵入性的,物种,外来物种,,,,,,,,,,,,
"Acanthoscelides obtectus (Say, 1831)",覆盖棘皮藻,动物,节肢动物,昆虫纲,鞘翅目,叶甲科,,[“陆地”],无效的,物种,外来物种,,,,,,,,,,,,
Orobanche brassicae (Novopokr.) Novopokr.,菲利潘什·穆特利,植物界,被子植物门,木兰纲,唇形目,列当科,,[“陆地”],侵入性的,物种,,,,,,,,,,,,,
Euphorbia cyathophora Murr.,大戟,植物界,被子植物门,木兰纲,金虎目,大戟科,,[“陆地”],侵入性的,物种,,,,,,,,,,,,,
Lepidium didymum L.,独行菜,植物界,被子植物门,木兰纲,芸苔目,十字花科,,[“陆地”],侵入性的,物种,,,,,,,,,,,,,
Acacia decurrens Willd.,相思奔跑,植物界,被子植物门,木兰纲,豆目,豆科,,[“陆地”],侵入性的,物种,,,,,,,,,,,,,
"Cherax destructor Clark, 1936",毁坏螯虾,动物,节肢动物,软甲纲,十足目,拟蝇科,,[“淡水”],无效的,物种,外来物种,,,,,,,,,,,,
Calotropis procera (Aiton) W.T.Aiton,牛角瓜,植物界,被子植物门,木兰纲,龙胆目,夹竹桃科,,[“陆地”],侵入性的,物种,,,,,,,,,,,,,
Cryptodiaporthe populea (Sacc.) Butin ex Butin,大众隐孢子虫,真菌,子囊菌门,粪菌纲,迪亚波泰勒目,蓼科,,[“主持人”],无效的,物种,外来物种,,,,,,,,,,,,
"Epinephelus fuscoguttatus (Forsskål, 1775)",褐斑石斑鱼,动物,脊索动物,放线蕨,鲈形目,鮨科,,[“海洋”],无效的,物种,外来物种,,,,,,,,,,,,
"Acipenser baerii Brandt, 1869",鲟鱼浴场,动物,脊索动物,放线蕨,鲟形目,鲟科,,[“淡水”、“咸水”],无效的,物种,外来物种,,,,,,,,,,,,
"Procambarus clarkii (Girard, 1852)",克氏原螯虾,动物,节肢动物,软甲纲,十足目,螯虾科,,[“淡水”、“咸水”],侵入性的,物种,外来物种,,,,,,,,,,,,
"Octodonta nipae (Maulik, 1921)",八齿鱼,动物,节肢动物,昆虫纲,鞘翅目,叶甲科,,[“陆地”],侵入性的,物种,外来物种,,,,,,,,,,,,
"Gymnodinium catenatum Graham, 1943",裸甲藻链,网络色藻界,粘体动物亚门,甲藻纲,裸甲藻目,裸甲藻科,,[“海洋”],无效的,物种,外来物种,,,,,,,,,,,,
Oenothera oakesiana Robbins ex S.Watson,月见草,植物界,被子植物门,木兰纲,香桃木目,柳叶菜科,,[“陆地”],有待观察,物种,,,,,,,,,,,,,
"Corythucha ciliata (Say, 1832)",纤毛红花,动物,节肢动物,昆虫纲,半翅目,鹬科,,[“主持人”],侵入性的,物种,外来物种,,,,,,,,,,,,
"Pharaxonotha kirschii Reitter, 1875",基氏山竹,动物,节肢动物,昆虫纲,鞘翅目,埃罗科,,[“陆地”],无效的,物种,外来物种,,,,,,,,,,,,
Physalis lagascae Roemer et Schultes =Physalis minima L.,酸浆,植物界,被子植物门,木兰纲,茄目,茄科,,[“陆地”],侵入性的,物种,,,,,,,,,,,,,
"Tetranychus urticae Koch, 1836",二斑叶螨,动物,节肢动物,蜘蛛纲动物,前柱目,叶螨科,,[“主持人”],侵入性的,物种,外来物种,,,,,,,,,,,,
Jatropha curcas L.,麻风树,植物界,被子植物门,木兰纲,金虎目,大戟科,,[“陆地”],有待观察,物种,,,,,,,,,,,,,
"Amathia verticillata (Delle Chiaje, 1822)",阿玛西亚旋转着,动物,苔藓虫纲,裸露目,栉口目,水泡科,,[“陆地”、“淡水”],无效的,物种,外来物种,,,,,,,,,,,,
Cannabis sativa L.,大麻,植物界,被子植物门,木兰纲,罗萨莱斯,大麻科,,[“陆地”],侵入性的,物种,,,,,,,,,,,,,
Spartina patens (Aiton) Muhl.,短小孢子菌,植物界,被子植物门,软虫纲,波阿莱斯,禾本科,,[“陆地”、“咸味”],有待观察,物种,,,,,,,,,,,,,
Bryophyllum delagoense (Ecklon et Zeyher)Schinz,长寿花,植物界,被子植物门,木兰纲,虎耳草目,景天科,,[“陆地”],有待观察,物种,,,,,,,,,,,,,
Conium maculatum L.,斑锥花,植物界,被子植物门,木兰纲,蜜蜂目,伞形科,,[“陆地”],侵入性的,物种,,,,,,,,,,,,,
"Paralichthys lethostigma Jordan & Gilbert, 1884",黑牙牙鲆,动物,脊索动物,放线蕨,侧鳅目,牙鲆科,,[“咸味”，“海洋”],无效的,物种,外来物种,,,,,,,,,,,,
"Equus asinus Linnaeus, 1758",一匹驴马,动物,脊索动物,哺乳纲,奇蹄目,马科,,[“陆地”],无效的,物种,外来物种,,,,,,,,,,,,
"Hippoglossus hippoglossus (Linnaeus, 1758)",角舌鱼,动物,脊索动物,放线蕨,侧鳅目,侧鹬科,,[“海洋”],无效的,物种,外来物种,,,,,,,,,,,,
Pseudo-nitzschia delicatissima (Cleve) Heiden,非常精致的菱形藻,网络色藻界,苍藻门,硅藻纲,杆菌目,硅藻科,,[“海洋”],无效的,物种,外来物种,,,,,,,,,,,,
"Hemichromis bimaculatus Gill, 1862",双斑半色鳅,动物,脊索动物,放线蕨,鲈形目,丽鱼科,,[“淡水”、“咸水”],无效的,物种,外来物种,,,,,,,,,,,,
"Oncorhynchus tshawytscha (Walbaum, 1792)",斑鳟,动物,脊索动物,放线蕨,鲑形目,鲑鱼科,,[“淡水”、“咸水”、“海洋”],无效的,物种,外来物种,,,,,,,,,,,,
Crotalaria juncea L.,猪屎豆,植物界,被子植物门,木兰纲,豆目,豆科,,[“陆地”],有待观察,物种,,,,,,,,,,,,,
Buchloe dactyloides (Nutt.) Engelm.,狗牙草,植物界,被子植物门,软虫纲,波阿莱斯,禾本科,,[“陆地”],有待观察,物种,,,,,,,,,,,,,
Cyanus segetum Hill,矢车菊,植物界,被子植物门,木兰纲,菊目,菊科,,[“陆地”],有待观察,物种,,,,,,,,,,,,,
Ipomoea cordatotriloba Dennst.,三叶甘薯,植物界,被子植物门,木兰纲,茄目,旋花科,,[“陆地”],有待观察,物种,,,,,,,,,,,,,
Ageratum conyzoides L.,藿香,植物界,被子植物门,木兰纲,菊目,菊科,,[“陆地”],侵入性的,物种,,,,,,,,,,,,,
Lepidium campestre (L.) W.T.Aiton,独行菜,植物界,被子植物门,木兰纲,芸苔目,十字花科,,[“陆地”],侵入性的,物种,,,,,,,,,,,,,
Solanum sarrachoides Sendtner,茄子,植物界,被子植物门,木兰纲,茄目,茄科,,[“陆地”],有待观察,物种,,,,,,,,,,,,,
"Clarias macrocephalus Günther, 1864",鲶鱼,动物,脊索动物,放线蕨,鲶形目,鲫科,,[“淡水”、“咸水”],无效的,物种,外来物种,,,,,,,,,,,,
Avena sterilis L.,贫瘠的燕麦,植物界,被子植物门,软虫纲,波阿莱斯,禾本科,,[“陆地”],侵入性的,物种,,,,,,,,,,,,,
"Oncorhynchus mykiss (Walbaum, 1792)",虹鳟,动物,脊索动物,放线蕨,鲑形目,鲑鱼科,,[“淡水”、“咸水”、“海洋”],侵入性的,物种,外来物种,,,,,,,,,,,,
Jacquemontia tamnifolia (L.) Griseb.,丹尼叶雅克蒙,植物界,被子植物门,木兰纲,茄目,旋花科,,[“陆地”],侵入性的,物种,,,,,,,,,,,,,
Desmodium tortuosum (Sw.) DC.,曲叶山金钱草,植物界,被子植物门,木兰纲,豆目,豆科,,[“陆地”],有待观察,物种,,,,,,,,,,,,,
"Haliotis rufescens Swainson, 1822",鲍鱼脸红,动物,贝类,腹足类,勒佩特利达,鲍科,,[“海洋”],无效的,物种,外来物种,,,,,,,,,,,,
Sansevieria trifasciata hort. ex Prain,三带虎尾兰,植物界,被子植物门,软虫纲,芦笋,天门冬科,,[“陆地”],有待观察,物种,,,,,,,,,,,,,
"Salvelinus fontinalis (Mitchill, 1814)",红点鲑,动物,脊索动物,放线蕨,鲑形目,鲑鱼科,,[“淡水”、“咸水”、“海洋”],无效的,物种,外来物种,,,,,,,,,,,,
"Bactrocera cucurbitae (Coquillett, 1899)",葫芦实蝇,动物,节肢动物,昆虫纲,双翅目,实蝇科,,[“陆地”],侵入性的,物种,外来物种,,,,,,,,,,,,
Ambrosia trifida L.,三裂叶豚草,植物界,被子植物门,木兰纲,菊目,菊科,,[“陆地”],侵入性的,物种,,,,,,,,,,,,,
Phyllanthus debilis Klain ex Willd.,叶下珠弱,植物界,被子植物门,木兰纲,金虎目,余下珠科,,[“陆地”],有待观察,物种,,,,,,,,,,,,,
Myriophyllum aquaticum Verdc.,狐尾藻,植物界,被子植物门,木兰纲,虎耳草目,盐生菌科,,[“淡水”],侵入性的,物种,,,,,,,,,,,,,
Nicandra physalodes (L.) Gaertn.,烟茄,植物界,被子植物门,木兰纲,茄目,茄科,,[“陆地”],侵入性的,物种,,,,,,,,,,,,,
"Trachemys scripta elegans (Wied, 1838)",写的Trachemys,动物,脊索动物,爬行动物,海龟,螨科,,[“陆地”、“淡水”],侵入性的,亚种,外来物种,,,,,,,,,,,,
"Gonipterus scutellatus Gyllenhal, 1833",盾蛸,动物,节肢动物,昆虫纲,鞘翅目,象甲科,,[“陆地”],无效的,物种,外来物种,,,,,,,,,,,,
Physalis philadelphica Lam.,费城酸浆,植物界,被子植物门,木兰纲,茄目,茄科,,[“陆地”],侵入性的,物种,,,,,,,,,,,,,
Galium aparine L.,肝素镓,植物界,被子植物门,木兰纲,龙胆目,茜草科,,[“陆地”],有待观察,物种,,,,,,,,,,,,,
Solanum pseudocapsicum L.,辣椒茄,植物界,被子植物门,木兰纲,茄目,茄科,,[“陆地”],有待观察,物种,,,,,,,,,,,,,
Holcus lanatus L.,毛蝽,植物界,被子植物门,软虫纲,波阿莱斯,禾本科,,[“陆地”],有待观察,物种,,,,,,,,,,,,,
Parthenium hysterophorus L.,银胶菊,植物界,被子植物门,木兰纲,菊目,菊科,,[“陆地”],侵入性的,物种,,,,,,,,,,,,,
Melilotus indicus (L.) All.,草木樨,植物界,被子植物门,木兰纲,豆目,豆科,,[“陆地”],有待观察,物种,,,,,,,,,,,,,
"Acipenser nudiventris Lovetsky, 1828",裸腹鲟,动物,脊索动物,放线蕨,鲟形目,鲟科,,[“淡水”、“咸水”、“海洋”],无效的,物种,外来物种,,,,,,,,,,,,
Anguilla australis f. australis,澳大利亚鳗鲡,动物,脊索动物,放线蕨,鳗形目,鳗科,,[“淡水”、“咸水”、“海洋”],无效的,变型,外来物种,,,,,,,,,,,,
Oxalis corymbosa DC.,酢浆草很弱,植物界,被子植物门,木兰纲,酢浆草目,酢浆草科,,[“陆地”],侵入性的,物种,,,,,,,,,,,,,
Cameraria latifolia L.,阔叶相机,植物界,被子植物门,木兰纲,龙胆目,夹竹桃科,,[“陆地”],侵入性的,物种,,,,,,,,,,,,,
Bromus catharticus Vahl,泻溴,植物界,被子植物门,软虫纲,波阿莱斯,禾本科,,[“陆地”],侵入性的,物种,,,,,,,,,,,,,
"Bruchus pisorum (Linnaeus, 1758)",豌豆象,动物,节肢动物,昆虫纲,鞘翅目,叶甲科,,[“陆地”],侵入性的,物种,外来物种,,,,,,,,,,,,
"Labeo rohita (Hamilton, 1822)",拉贝奥·罗希塔,动物,脊索动物,放线蕨,鲤形目,鲤科,,[“淡水”、“咸水”],侵入性的,物种,外来物种,,,,,,,,,,,,
Lepidium virginicum L.,独行菜,植物界,被子植物门,木兰纲,芸苔目,十字花科,,[“陆地”],侵入性的,物种,,,,,,,,,,,,,
"Frankliniella occidentalis (Pergande, 1895)",西花蓟马,动物,节肢动物,昆虫纲,缨翅目,蓟马科,,[“陆地”],侵入性的,物种,外来物种,,,,,,,,,,,,
"Anadara granosa (Linnaeus, 1758)",粒叶藻,动物,贝类,双壳类,阿尔西达,蜗牛科,,[“海洋”],侵入性的,物种,外来物种,,,,,,,,,,,,
Euphorbia peplus L.,大戟,植物界,被子植物门,木兰纲,金虎目,大戟科,,[“陆地”],侵入性的,物种,,,,,,,,,,,,,
Diodia teres Walter,圆六瓣花,植物界,被子植物门,木兰纲,龙胆目,茜草科,,[“陆地”],侵入性的,物种,,,,,,,,,,,,,
"Ictalurus furcatus (Valenciennes, 1840)",分叉叉尾鮰,动物,脊索动物,放线蕨,鲶形目,鮰科,,[“淡水”、“咸水”],无效的,物种,外来物种,,,,,,,,,,,,
Xanthium italicum Moretti．,苍耳,植物界,被子植物门,木兰纲,菊目,菊科,,[“陆地”],侵入性的,物种,,,,,,,,,,,,,
"Cinara cupressi (Buckton, 1881)",柏树,动物,节肢动物,昆虫纲,半翅目,蚜科,,[“主持人”],无效的,物种,外来物种,,,,,,,,,,,,
Gliricidia sepium (Jacq.) Walp.,杀虫剂树篱,植物界,被子植物门,木兰纲,豆目,豆科,,[“陆地”],有待观察,物种,,,,,,,,,,,,,
Alyssum alyssoides L.,香荠,植物界,被子植物门,木兰纲,芸苔目,十字花科,,[“陆地”],侵入性的,物种,,,,,,,,,,,,,
"Apolemichthys trimaculatus (Cuvier, 1831)",三斑鱼,动物,脊索动物,放线蕨,鲈形目,长尾科,,[“海洋”],无效的,物种,外来物种,,,,,,,,,,,,
"Myocastor coypus (Molina, 1782)",海狸鼠,动物,脊索动物,哺乳纲,啮齿目,海狸鼠科,,[“陆地”、“淡水”],侵入性的,物种,外来物种,,,,,,,,,,,,
"Paratrechina longicornis (Latreille, 1802)",长角拟拟轮虫,动物,节肢动物,昆虫纲,膜翅目,蚂,,[“陆地”],无效的,物种,外来物种,,,,,,,,,,,,
Symphytum officinale L.,聚合草,植物界,被子植物门,木兰纲,紫草目,紫草科,,[“陆地”],有待观察,物种,,,,,,,,,,,,,
Euphorbia hirta L.,大戟,植物界,被子植物门,木兰纲,金虎目,大戟科,,[“陆地”],侵入性的,物种,,,,,,,,,,,,,
"Eurygaster integriceps Puton, 1881",整头蟋蟀,动物,节肢动物,昆虫纲,半翅目,黄蚩科,,[“主持人”],无效的,物种,外来物种,,,,,,,,,,,,
Ranunculus sardous Crantz,毛茛属,植物界,被子植物门,木兰纲,毛茛目,毛茛科,,[“陆地”],有待观察,物种,,,,,,,,,,,,,
"Morone americana (Gmelin, 1789)",美国莫罗尼,动物,脊索动物,放线蕨,鲈形目,斑鳅科,,[“淡水”、“咸水”、“海洋”],无效的,物种,外来物种,,,,,,,,,,,,
"Macquaria ambigua (Richardson, 1845)",麦格理模棱两可,动物,脊索动物,放线蕨,鲈形目,鲈科,,[“淡水”],无效的,物种,外来物种,,,,,,,,,,,,
Evolvulus nummularius L.,进化收银员,植物界,被子植物门,木兰纲,茄目,旋花科,,[“陆地”],侵入性的,物种,,,,,,,,,,,,,
Triodanis perfoliata Nieuwl.,斑叶鳖,植物界,被子植物门,木兰纲,菊目,桔梗科,,[“陆地”],有待观察,物种,,,,,,,,,,,,,
Euphorbia hypericifolia L.,大戟,植物界,被子植物门,木兰纲,金虎目,大戟科,,[“陆地”],侵入性的,物种,,,,,,,,,,,,,
Stellaria pallida,苍白繁星,植物界,被子植物门,木兰纲,石竹目,石竹科,,[“陆地”],侵入性的,物种,,,,,,,,,,,,,
Cuscuta campestris Yunck.,菟丝子,植物界,被子植物门,木兰纲,茄目,旋花科,,[“主持人”],侵入性的,物种,,,,,,,,,,,,,
"Amphiprion ocellaris Cuvier, 1830",眼双足虫,动物,脊索动物,放线蕨,鲈形目,甲科,,[“海洋”],无效的,物种,外来物种,,,,,,,,,,,,
Anredera scandens (L.) Moq.,输卵管攀爬,植物界,被子植物门,木兰纲,石竹目,蓼科,,[“陆地”],有待观察,物种,,,,,,,,,,,,,
"Chelydra serpentina (Linnaeus, 1758)",蛇纹龟,动物,脊索动物,爬行动物,海龟,龟科,,[“陆地”、“淡水”],侵入性的,物种,外来物种,,,,,,,,,,,,
Soliva plerosperma (Juss.) Lessing,索利瓦坐了下来,植物界,被子植物门,木兰纲,菊目,菊科,,[“陆地”],侵入性的,物种,,,,,,,,,,,,,
"Aspius aspius (Linnaeus, 1758)",雅罗鱼,动物,脊索动物,放线蕨,鲤形目,鲤科,,[“淡水”、“咸水”],无效的,物种,外来物种,,,,,,,,,,,,
Ehrharta erecta Lam.,埃尔哈特竖立,植物界,被子植物门,软虫纲,波阿莱斯,禾本科,,[“陆地”],有待观察,物种,,,,,,,,,,,,,
"Zabrotes subfasciatus (Boheman, 1833)",扎布罗特亚筋膜藻,动物,节肢动物,昆虫纲,鞘翅目,叶甲科,,[“陆地”],侵入性的,物种,外来物种,,,,,,,,,,,,
"Anguilla rostrata (Lesueur, 1817)",头鳗,动物,脊索动物,放线蕨,鳗形目,鳗科,,[“淡水”、“咸水”、“海洋”],无效的,物种,外来物种,,,,,,,,,,,,
"Labeo calbasu (Hamilton, 1822)",我留着胡子,动物,脊索动物,放线蕨,鲤形目,鲤科,,[“淡水”、“咸水”、“海洋”],无效的,物种,外来物种,,,,,,,,,,,,
Medicago sativa L.,苜蓿,植物界,被子植物门,木兰纲,豆目,豆科,,[“陆地”],侵入性的,物种,,,,,,,,,,,,,
Lolium perenne L.,多年生百合,植物界,被子植物门,软虫纲,波阿莱斯,禾本科,,[“陆地”],有待观察,物种,,,,,,,,,,,,,
Cymbopogon nardus (L.)Rendle,香茅,植物界,被子植物门,软虫纲,波阿莱斯,禾本科,,[“陆地”],有待观察,物种,,,,,,,,,,,,,
Matsucoccus matsumurae,松村松球菌,动物,节肢动物,昆虫纲,半翅目,玛加罗迪科,,[“主持人”],侵入性的,物种,外来物种,,,,,,,,,,,,
"Rhizosolenia hebetata Bailey, 1856",根管藻变钝,网络色藻界,苍藻门,硅藻纲,根管藻目,根管藻科,,[“海洋”],无效的,物种,外来物种,,,,,,,,,,,,
Herissantia crispa (L.) Brizicky,卷发,植物界,被子植物门,木兰纲,锦葵属,锦葵科,,[“陆地”],侵入性的,物种,,,,,,,,,,,,,
Avena fatua L.,人造燕麦,植物界,被子植物门,软虫纲,波阿莱斯,禾本科,,[“陆地”],侵入性的,物种,,,,,,,,,,,,,
Lachnellula willkommii (Hartig) Dennis,拉赫内拉欢迎,真菌,子囊菌门,菌纲,禾花目,玻璃瓶科,,[“主持人”],无效的,物种,外来物种,,,,,,,,,,,,
Diodia virginiana Walter,弗吉尼亚迪迪亚纳,植物界,被子植物门,木兰纲,龙胆目,茜草科,,[“陆地”],有待观察,物种,,,,,,,,,,,,,
Ipomoea wrightii A. Gray,红薯,植物界,被子植物门,木兰纲,茄目,旋花科,,[“陆地”],有待观察,物种,,,,,,,,,,,,,
"Dictyocha fibula Ehrenberg, 1839",腓骨网藻,网络色藻界,苍藻门,网藻纲,网藻目,网藻科,,[“海洋”],无效的,物种,外来物种,,,,,,,,,,,,
Tithonia diversifolia A.Gray,九叶草,植物界,被子植物门,木兰纲,菊目,菊科,,[“陆地”],侵入性的,物种,,,,,,,,,,,,,
"Hypera postica (Gyllenhal, 1813)",超后排,动物,节肢动物,昆虫纲,鞘翅目,象甲科,,[“陆地”],侵入性的,物种,外来物种,,,,,,,,,,,,
Rhus typhina L.,火炬,植物界,被子植物门,木兰纲,无患子目,漆树科,,[“陆地”],有待观察,物种,,,,,,,,,,,,,
Argemone mexicana L.,墨西哥阿杰莫内,植物界,被子植物门,木兰纲,毛茛目,罂粟科,,[“陆地”],侵入性的,物种,,,,,,,,,,,,,
"Magnaporthiopsis maydis (Samra, Sabet & Hing.) Klaubauf, Lebrun & Crous, 2014",玉米拟青霉,真菌,子囊菌门,粪菌纲,磁门藻目,木兰科,,[“主持人”],无效的,物种,外来物种,,,,,,,,,,,,
Clidemia hirta (L.)D. Don,毛线虫,植物界,被子植物门,木兰纲,香桃木目,野牡丹科,,[“陆地”],有待观察,物种,,,,,,,,,,,,,
Alternanthera pungens Kunth,莲子草,植物界,被子植物门,木兰纲,石竹目,苋科,,[“陆地”],侵入性的,物种,,,,,,,,,,,,,
Solanum rostratum Dun.,窄叶茄,植物界,被子植物门,木兰纲,茄目,茄科,,[“陆地”],侵入性的,物种,,,,,,,,,,,,,
Paspalum virgatum L.,雀稗变身,植物界,被子植物门,软虫纲,波阿莱斯,禾本科,,[“陆地”],有待观察,物种,,,,,,,,,,,,,
"Tubastraea coccinea Lesson, 1829-1830",红管藻,动物,刺胞动物,花虫纲,石核藻属,石竹科,,[“海洋”],无效的,物种,外来物种,,,,,,,,,,,,
"Barbonymus gonionotus (Bleeker, 1849)",角毛鳅,动物,脊索动物,放线蕨,鲤形目,鲤科,,[“淡水”],无效的,物种,外来物种,,,,,,,,,,,,
"Dunckerocampus dactyliophorus (Bleeker, 1853)",指环邓克罗,动物,脊索动物,放线蕨,鳅形目,鳅科,,[“咸味”，“海洋”],无效的,物种,外来物种,,,,,,,,,,,,
Amaranthus tenuifolius Willd.,细叶苋,植物界,被子植物门,木兰纲,石竹目,苋科,,[“陆地”],有待观察,物种,,,,,,,,,,,,,
Cathartus advena,一个宣泄的陌生人,动物,节肢动物,昆虫纲,鞘翅目,森林科,,[“陆地”],侵入性的,物种,外来物种,,,,,,,,,,,,
"Coregonus muksun (Pallas, 1814)",穆克逊白腹鹬,动物,脊索动物,放线蕨,鲑形目,鲑鱼科,,[“淡水”、“咸水”、“海洋”],无效的,物种,外来物种,,,,,,,,,,,,
Panicum maximum Jacq.,最大的恐慌,植物界,被子植物门,软虫纲,波阿莱斯,禾本科,,[“陆地”],侵入性的,物种,,,,,,,,,,,,,
Coreopsis grandiflora Hogg ex Sw.,大花金鸡菊,植物界,被子植物门,木兰纲,菊目,菊科,,[“陆地”],有待观察,物种,,,,,,,,,,,,,
"Opogona sacchari (Bojer, 1856)",我反对吃糖,动物,节肢动物,昆虫纲,鳞翅目,螨科,,[“陆地”],侵入性的,物种,外来物种,,,,,,,,,,,,
Saccharina longissima,糖精很长,网络色藻界,苍藻门,褐藻纲,昆布藻,海带科,,[“海洋”],无效的,物种,外来物种,,,,,,,,,,,,
Datura metel L.,数据金属,植物界,被子植物门,木兰纲,茄目,茄科,,[“陆地”],侵入性的,物种,,,,,,,,,,,,,
Vicia villosa Roth,绒毛状的恶习,植物界,被子植物门,木兰纲,豆目,豆科,,[“陆地”],侵入性的,物种,,,,,,,,,,,,,
"Monodactylus sebae (Cuvier, 1829)",鲫鱼,动物,脊索动物,放线蕨,鲈形目,单指科,,[“淡水”、“咸水”、“海洋”],无效的,物种,外来物种,,,,,,,,,,,,
"Chaetodontoplus duboulayi (Günther, 1867)",杜布拉毛毛齿兽,动物,脊索动物,放线蕨,鲈形目,长尾科,,[“海洋”],无效的,物种,外来物种,,,,,,,,,,,,
Ranunculus muricatus L.,毛茛,植物界,被子植物门,木兰纲,毛茛目,毛茛科,,[“陆地”],侵入性的,物种,,,,,,,,,,,,,
Kichxia elatine (L.) Dumort.,拉丁Kichxia,植物界,被子植物门,木兰纲,唇形目,车前草科,,[“陆地”],有待观察,物种,,,,,,,,,,,,,
Phyllanthus niruri L.,珍珠草,植物界,被子植物门,木兰纲,金虎目,余下珠科,,[“陆地”],有待观察,物种,,,,,,,,,,,,,
Portulaca pilosa L.,马齿苋毛,植物界,被子植物门,木兰纲,石竹目,马齿苋科,,[“陆地”],侵入性的,物种,,,,,,,,,,,,,
"Erinaceus europaeus Linnaeus, 1758",欧洲刺猬,动物,脊索动物,哺乳纲,刺猬属,刺猬科,,[“陆地”],无效的,物种,外来物种,,,,,,,,,,,,
Silybum marianum (L.) Gaertn.,水飞蓟,植物界,被子植物门,木兰纲,菊目,菊科,,[“陆地”],有待观察,物种,,,,,,,,,,,,,
Crotalaria micans Link,猪屎豆闪烁,植物界,被子植物门,木兰纲,豆目,豆科,,[“陆地”],有待观察,物种,,,,,,,,,,,,,
"Dysmicoccus brevipes (Cockerell, 1893)",短足螨,动物,节肢动物,昆虫纲,半翅目,拟球虫科,,[“主持人”],侵入性的,物种,外来物种,,,,,,,,,,,,
Stachytarpheta urticaefolia (Salisb.)Sims,荨麻叶水穗花,植物界,被子植物门,木兰纲,唇形目,马鞭草科,,[“陆地”],侵入性的,物种,,,,,,,,,,,,,
"Haliotis fulgens Philippi, 1845",鲍鱼闪亮,动物,贝类,腹足类,勒佩特利达,鲍科,,[“海洋”],无效的,物种,外来物种,,,,,,,,,,,,
Synedrella nodiflora Gaertn.,金腰箭,植物界,被子植物门,木兰纲,菊目,菊科,,#VALUE!,侵入性的,物种,,,,,,,,,,,,,
Sesbania cannabina (Retz.) Pers.,田菁大麻,植物界,被子植物门,木兰纲,豆目,豆科,,[“陆地”],侵入性的,物种,,,,,,,,,,,,,
Hyptis pectinata (L.) Poiteau,梳状中间层,植物界,被子植物门,木兰纲,唇形目,唇形科,,[“陆地”],有待观察,物种,,,,,,,,,,,,,
"Pecten maximus (Linnaeus, 1758)",最大的梳子,动物,贝类,双壳类,扇贝目,扇贝科,,[“海洋”],无效的,物种,外来物种,,,,,,,,,,,,
Amaranthus blitum L.,苋菜,植物界,被子植物门,木兰纲,石竹目,苋科,,[“陆地”],侵入性的,物种,,,,,,,,,,,,,
"Aphanostigma piri (Cholodkovsky, 1904)",梨丝丝藻,动物,节肢动物,昆虫纲,半翅目,根瘤蚜科,,[“主持人”],侵入性的,物种,外来物种,,,,,,,,,,,,
Leucaena leucocephala (Lam.) de Wit,银合欢,植物界,被子植物门,木兰纲,豆目,豆科,,[“陆地”],侵入性的,物种,,,,,,,,,,,,,
"Rhizosolenia imbricata Brightwell, 1858",覆瓦根管藻,网络色藻界,苍藻门,硅藻纲,根管藻目,根管藻科,,[“海洋”],无效的,物种,外来物种,,,,,,,,,,,,
Cichorium intybus L.,菊苣,植物界,被子植物门,木兰纲,菊目,菊科,,[“陆地”],有待观察,物种,,,,,,,,,,,,,
Pereskia aculesta Mill.,尖花木,植物界,被子植物门,木兰纲,石竹目,仙人掌科,,[“陆地”],有待观察,物种,,,,,,,,,,,,,
Cosmos bipinnatus Cav.,波斯菊,植物界,被子植物门,木兰纲,菊目,菊科,,[“陆地”],侵入性的,物种,,,,,,,,,,,,,
Ipomoea alba L.,日出,植物界,被子植物门,木兰纲,茄目,旋花科,,[“陆地”],有待观察,物种,,,,,,,,,,,,,
"Penaeus stylirostris Stimpson, 1874",细角滨对虾,动物,节肢动物,软甲纲,十足目,对虾科,,[“咸味”，“海洋”],无效的,物种,外来物种,,,,,,,,,,,,
Tephrosia candida DC.,山毛豆,植物界,被子植物门,木兰纲,豆目,豆科,,[“陆地”],有待观察,物种,,,,,,,,,,,,,
"Trialeurodes vaporariorum (Westwood, 1856)",粉虱蒸笼,动物,节肢动物,昆虫纲,半翅目,粉虱科,,[“主持人”],侵入性的,物种,外来物种,,,,,,,,,,,,
"Orthodon microlepidotus (Ayres, 1854)",小鳞正齿鱼,动物,脊索动物,放线蕨,鲤形目,鲤科,,[“淡水”、“咸水”],无效的,物种,外来物种,,,,,,,,,,,,
"Clavibacter michiganense subsp. sepedonicum (Spieckermann & Kotthoff, 1914) Davis & al., 1984",密歇根棒杆菌,细菌,放线菌门,放线菌门,放线菌目,微杆菌科,,[“主持人”],无效的,物种,外来物种,,,,,,,,,,,,
Erigeron philadelphicus L.,费城灯盏花,植物界,被子植物门,木兰纲,菊目,菊科,,[“陆地”],侵入性的,物种,,,,,,,,,,,,,
"Cirrhinus cirrhosus (Bloch, 1795)",肝硬化鲮,动物,脊索动物,放线蕨,鲤形目,鲤科,,[“淡水”、“咸水”],无效的,物种,外来物种,,,,,,,,,,,,
"Urocerus gigas (Linnaeus, 1758)",巨尾刺螟,动物,节肢动物,昆虫纲,膜翅目,姬蜂科,,[“陆地”],无效的,物种,外来物种,,,,,,,,,,,,
"Sparus aurata Linnaeus, 1758",黑鲷,动物,脊索动物,放线蕨,鲈形目,鲷科,,[“咸味”，“海洋”],无效的,物种,外来物种,,,,,,,,,,,,
"Cosmopolites sordidus (Germar, 1824)",肮脏的大都会,动物,节肢动物,昆虫纲,鞘翅目,鳞螨科,,[“陆地”],无效的,物种,外来物种,,,,,,,,,,,,
"Thalassionema nitzschioides (Grunow, 1862) Van Heurck, 1896",菱形海藻,网络色藻界,苍藻门,硅藻纲,海藻目,海藻科,,[“淡水”、“海洋”],无效的,物种,外来物种,,,,,,,,,,,,
"Marsupenaeus japonicus (Bate, 1888)",日本对虾,动物,节肢动物,软甲纲,十足目,对虾科,,[“陆地”、“淡水”],无效的,物种,外来物种,,,,,,,,,,,,
Datura innoxia Mill.,无害曼陀罗,植物界,被子植物门,木兰纲,茄目,茄科,,[“陆地”],有待观察,物种,,,,,,,,,,,,,
Oenothera glazioviana Micheli,月见草,植物界,被子植物门,木兰纲,香桃木目,柳叶菜科,,[“陆地”],侵入性的,物种,,,,,,,,,,,,,
"Ictiobus cyprinellus (Valenciennes, 1844)",鲤鱼,动物,脊索动物,放线蕨,鲤形目,卡口虫科,,[“淡水”],无效的,物种,外来物种,,,,,,,,,,,,
"Penaeus japonicus Bate, 1888",日本对虾,动物,节肢动物,软甲纲,十足目,对虾科,,[“陆地”、“淡水”],无效的,物种,外来物种,,,,,,,,,,,,
"Pomacea canaliculata (Lamarck, 1822)",福寿螺,动物,贝类,腹足类,古舌藻,壶腹科,,[“淡水”],侵入性的,物种,外来物种,,,,,,,,,,,,
"Ips subelongatus Bright & Skidmore, 2002",他太过分了,动物,节肢动物,昆虫纲,鞘翅目,象甲科,,[“陆地”],无效的,物种,外来物种,,,,,,,,,,,,
"Tilapia zillii (Gervais, 1848)",细叶鼠兔,动物,脊索动物,放线蕨,鲈形目,丽鱼科,,[“淡水”、“咸水”],无效的,物种,外来物种,,,,,,,,,,,,
"Rapana venosa (Valenciennes, 1846)",静脉拉帕纳,动物,贝类,腹足类,新腹足动物,鼠科,,[“海洋”],无效的,物种,外来物种,,,,,,,,,,,,
"Melanoides tuberculata (O.F.Müller, 1774)",瘤黑豆,动物,贝类,腹足类,新带舌藻,丝虫科,,[“淡水”],无效的,物种,外来物种,,,,,,,,,,,,
Alternanthera philoxeroides Griseb.,空心莲子草,植物界,被子植物门,木兰纲,石竹目,苋科,,[“陆地”、“淡水”],侵入性的,物种,,,,,,,,,,,,,
Sesbania grandiflora (L.) Persoon,田菁,植物界,被子植物门,木兰纲,豆目,豆科,,[“陆地”],有待观察,物种,,,,,,,,,,,,,
"Limnoperna fortunei (Dunker, 1856)",水藻,动物,贝类,双壳类,贻贝目,贻贝科,,[“海洋”],无效的,物种,外来物种,,,,,,,,,,,,
Opuntia cochenillifera (L.) Mill.,胭脂仙人掌,植物界,被子植物门,木兰纲,石竹目,仙人掌科,,[“陆地”],有待观察,物种,,,,,,,,,,,,,
"Aphelenchoides ritzemabosi (Schwartz, 1911)",滑刃线虫,动物,线虫,下半场,滑刃目,滑刃科,,[“主持人”],无效的,物种,外来物种,,,,,,,,,,,,
Chenopodium giganteum D.Don,巨大藜,植物界,被子植物门,木兰纲,石竹目,苋科,,[“陆地”],有待观察,物种,,,,,,,,,,,,,
Hedychium coronarium J.Koenig,冠花姜花,植物界,被子植物门,软虫纲,姜目,姜科,,[“陆地”],有待观察,物种,,,,,,,,,,,,,
Hyptis rhomboidea M.Martens & Galeotti,屋顶被覆盖了,植物界,被子植物门,木兰纲,唇形目,唇形科,,[“陆地”],侵入性的,物种,,,,,,,,,,,,,
"Haliotis gigantea Gmelin, 1791",鲍鱼,动物,贝类,腹足类,勒佩特利达,鲍科,,[“海洋”],无效的,物种,外来物种,,,,,,,,,,,,
"Trogoderma granarium Everts, 1898",谷斑皮蠹,动物,节肢动物,昆虫纲,鞘翅目,皮科,,[“陆地”],侵入性的,物种,外来物种,,,,,,,,,,,,
Ipomoea purpurea (L.) Roth,紫薯,植物界,被子植物门,木兰纲,茄目,旋花科,,[“陆地”],侵入性的,物种,,,,,,,,,,,,,
"Callosciurus erythraeus (Pallas, 1779)",红蝽,动物,脊索动物,哺乳纲,啮齿目,松鼠科,,[“陆地”],无效的,物种,外来物种,,,,,,,,,,,,
"Coris cuvieri (Bennett, 1831)",我的心被触动了,动物,脊索动物,放线蕨,鲈形目,唇科,,[“海洋”],无效的,物种,外来物种,,,,,,,,,,,,
"Thalassiosira nordenskioeldii Cleve, 1873",诺登海链藻,网络色藻界,苍藻门,硅藻纲,海链目,海藻科,,[“淡水”、“海洋”],无效的,物种,外来物种,,,,,,,,,,,,
Flaveria bidentis (L.) Kuntze,黄色的花,植物界,被子植物门,木兰纲,菊目,菊科,,[“陆地”],侵入性的,物种,,,,,,,,,,,,,
"Pterois antennata (Bloch, 1787)",触角蕨,动物,脊索动物,放线蕨,蝎形目,蝎科,,[“海洋”],无效的,物种,外来物种,,,,,,,,,,,,
"Hippoglossus stenolepis Schmidt, 1904",窄鳞鲫鱼,动物,脊索动物,放线蕨,侧鳅目,侧鹬科,,[“海洋”],无效的,物种,外来物种,,,,,,,,,,,,
Skeletonema costatum (Grev.) Cleve,中肋骨条藻,网络色藻界,苍藻门,硅藻纲,海链目,骨骨科,,[“海洋”],无效的,物种,外来物种,,,,,,,,,,,,
"Phthorimaea operculella (Zeller, 1873)",盖腐霉,动物,节肢动物,昆虫纲,鳞翅目,蜈蚣科,,[“陆地”],侵入性的,物种,外来物种,,,,,,,,,,,,
"Amphiprion allardi Klausewitz, 1970",阿拉迪双足鱼,动物,脊索动物,放线蕨,鲈形目,甲科,,[“海洋”],无效的,物种,外来物种,,,,,,,,,,,,
"Dendroctonus valens LeConte, 1859",瓦伦斯树蛾,动物,节肢动物,昆虫纲,鞘翅目,象甲科,,[“陆地”],侵入性的,物种,外来物种,,,,,,,,,,,,
"Ovis aries Linnaeus, 1758",白羊座羊,动物,脊索动物,哺乳纲,偶蹄目,牛科,,[“陆地”],无效的,物种,外来物种,,,,,,,,,,,,
Dinophysis acuta Ehrenb.,锐角甲藻,网络色藻界,粘体动物亚门,甲藻纲,甲藻目,甲藻科,,[“海洋”],无效的,物种,外来物种,,,,,,,,,,,,
"Leptojulis cyanopleura (Bleeker, 1853)",蓝胸花,动物,脊索动物,放线蕨,鲈形目,唇科,,[“海洋”],无效的,物种,外来物种,,,,,,,,,,,,
Parthenocissus quinquefolia (L.) Planch.,五叶爬山虎,植物界,被子植物门,木兰纲,必不可少的,葡萄科,,[“陆地”],有待观察,物种,,,,,,,,,,,,,
Gymnocoronis spilanthoides DC.,裸冠花,植物界,被子植物门,木兰纲,菊目,菊科,,[“陆地”、“淡水”],有待观察,物种,,,,,,,,,,,,,
"Chromis viridis (Cuvier, 1830)",绿色铬,动物,脊索动物,放线蕨,鲈形目,甲科,,[“海洋”],无效的,物种,外来物种,,,,,,,,,,,,
Helenium autumnale L.,秋氦,植物界,被子植物门,木兰纲,菊目,菊科,,[“陆地”],有待观察,物种,,,,,,,,,,,,,
"Bugula stolonifera (Ryland, 1960)",它购买匍匐茎,动物,苔藓虫纲,裸露目,唇口科,布古丽科,,[“海洋”],无效的,物种,外来物种,,,,,,,,,,,,
Pseudelephantopus spicatus Rohr,穗状拟象甲鱼,植物界,被子植物门,木兰纲,菊目,菊科,,[“陆地”],侵入性的,物种,,,,,,,,,,,,,
Oxalis bowiei Herbert ex Lindl..,酢浆草,植物界,被子植物门,木兰纲,酢浆草目,酢浆草科,,[“陆地”],有待观察,物种,,,,,,,,,,,,,
Oenothera parviflora L.,小花月见草,植物界,被子植物门,木兰纲,香桃木目,柳叶菜科,,[“陆地”],有待观察,物种,,,,,,,,,,,,,
"Diocalandra frumenti Marshall & G.A.K., 1931",玉米 Diocalandra,动物,节肢动物,昆虫纲,鞘翅目,鳞螨科,,[“陆地”],无效的,物种,外来物种,,,,,,,,,,,,
Coreopsis tinctoria Nutt.,紫金鸡菊,植物界,被子植物门,木兰纲,菊目,菊科,,[“陆地”],侵入性的,物种,,,,,,,,,,,,,
Euphorbia dentata Michx.,大戟,植物界,被子植物门,木兰纲,金虎目,大戟科,,[“陆地”],侵入性的,物种,,,,,,,,,,,,,
"Heniochus varius (Cuvier, 1829)",赫尼奥库斯·瓦鲁斯,动物,脊索动物,放线蕨,鲈形目,毛齿兽科,,[“海洋”],无效的,物种,外来物种,,,,,,,,,,,,
Pustula tragopogonis (Pers.) Thines,黄角脓疱,网络色藻界,卵菌门,霜霉病,白膜,白藻科,,[“主持人”],无效的,物种,外来物种,,,,,,,,,,,,
"Poecilia reticulata Peters, 1859",网纹青虾,动物,脊索动物,放线蕨,鲤鱼目,鲅鱼科,,[“淡水”、“咸水”],侵入性的,物种,外来物种,,,,,,,,,,,,
"Molgula manhattensis (De Kay, 1843)",曼哈顿鳖,动物,脊索动物,海鞘科,斯托鳃亚目,鳖科,,[“海洋”],无效的,物种,外来物种,,,,,,,,,,,,
"Hyriopsis schlegelii (Martens, 1861)",史莱氏帆蚌,动物,贝类,双壳类,成立工会,鳅科,,[“淡水”],无效的,物种,外来物种,,,,,,,,,,,,
"Heterobostrychus aequalis (Waterhouse, 1884)",等异线虫,动物,节肢动物,昆虫纲,鞘翅目,蝽科,,[“陆地”],侵入性的,物种,外来物种,,,,,,,,,,,,
"Musculista senhousia (Benson, 1842)",仙豪螺,动物,贝类,双壳类,贻贝目,贻贝科,,[“海洋”],侵入性的,物种,外来物种,,,,,,,,,,,,
Dinophysis caudata Saville-Kent,有尾甲藻,网络色藻界,粘体动物亚门,甲藻纲,甲藻目,甲藻科,,[“海洋”],无效的,物种,外来物种,,,,,,,,,,,,
"Hemitaurichthys zoster (Bennett, 1831)",带状半鱼,动物,脊索动物,放线蕨,鲈形目,毛齿兽科,,[“海洋”],无效的,物种,外来物种,,,,,,,,,,,,
Veronica persica Poir.,维罗妮卡桃子,植物界,被子植物门,木兰纲,唇形目,车前草科,,[“陆地”],侵入性的,物种,,,,,,,,,,,,,
Anredera cordifolia (Ten.) Steenis,心叶安雷德拉,植物界,被子植物门,木兰纲,石竹目,巴塞科,,[“陆地”],侵入性的,物种,,,,,,,,,,,,,
"Cichla ocellaris Bloch & Schneider, 1801",慈鲷,动物,脊索动物,放线蕨,鲈形目,丽鱼科,,[“淡水”、“咸水”],无效的,物种,外来物种,,,,,,,,,,,,
Solanum mauritianum Scopoli,毛里求斯茄,植物界,被子植物门,木兰纲,茄目,茄科,,[“陆地”],有待观察,物种,,,,,,,,,,,,,
Cenchrus incertus M.A.Curtis,三齿苋,植物界,被子植物门,软虫纲,波阿莱斯,禾本科,,[“陆地”],侵入性的,物种,,,,,,,,,,,,,
"Xylotrechus rusticus (Linné, 1758)",黄松线虫,动物,节肢动物,昆虫纲,鞘翅目,天牛科,,[“陆地”],无效的,物种,外来物种,,,,,,,,,,,,
"Callosobruchus maculatus (Fabricius, 1775)",斑蝽,动物,节肢动物,昆虫纲,鞘翅目,叶甲科,,[“陆地”],侵入性的,物种,外来物种,,,,,,,,,,,,
Scoparia dulcis L.,猪粪,植物界,被子植物门,木兰纲,唇形目,车前草科,,[“陆地”],侵入性的,物种,,,,,,,,,,,,,
"Hoplolatilus marcosi Burgess, 1978",马尔科斯河豚,动物,脊索动物,放线蕨,鲈形目,马拉棘科,,[“海洋”],无效的,物种,外来物种,,,,,,,,,,,,
Opuntia stricta (Haw.) Haw.,机会有限,植物界,被子植物门,木兰纲,石竹目,仙人掌科,,[“陆地”],有待观察,物种,,,,,,,,,,,,,
"Paralipsa gularis (Zeller, 1877)",喉咙滑脱,动物,节肢动物,昆虫纲,鳞翅目,螟科,,[“陆地”],侵入性的,物种,外来物种,,,,,,,,,,,,
"Obolodiplosis robiniae (Haldeman, 1847)",刺槐,动物,节肢动物,昆虫纲,双翅目,瘿蚊科,,[“主持人”],侵入性的,物种,外来物种,,,,,,,,,,,,
"Osphronemus goramy Lacépède, 1801",鳅鱼,动物,脊索动物,放线蕨,鲈形目,鳅科,,[“淡水”、“咸水”],无效的,物种,外来物种,,,,,,,,,,,,
Aegilops tauschii Coss.,节节山羊草,植物界,被子植物门,软虫纲,波阿莱斯,禾本科,,[“陆地”],侵入性的,物种,,,,,,,,,,,,,
Paspalum fimbriatum Kunth,流苏雀稗,植物界,被子植物门,软虫纲,波阿莱斯,禾本科,,[“陆地”],有待观察,物种,,,,,,,,,,,,,
Bidens bipinnata L.,鬼针草,植物界,被子植物门,木兰纲,菊目,菊科,,[“陆地”],侵入性的,物种,,,,,,,,,,,,,
"Solea senegalensis Kaup, 1858",塞内加尔鳎鱼,动物,脊索动物,放线蕨,侧鳅目,鳅科,,[“海洋”],无效的,物种,外来物种,,,,,,,,,,,,
Axonopus fissifolius (Raddi) Kuhlm.,裂叶轴突,植物界,被子植物门,软虫纲,波阿莱斯,禾本科,,[“陆地”],侵入性的,物种,,,,,,,,,,,,,
Agave sisalana Perrine,剑麻龙舌兰,植物界,被子植物门,软虫纲,芦笋,天门冬科,,[“陆地”],有待观察,物种,,,,,,,,,,,,,
"Bugula neritina (Linnaeus, 1758)",苋菜,动物,苔藓虫纲,裸露目,唇口科,布古丽科,,[“海洋”],侵入性的,物种,外来物种,,,,,,,,,,,,
Mimosa diplotricha C.Wright ex Sauvalle,双毛含羞草,植物界,被子植物门,木兰纲,豆目,豆科,,[“陆地”],有待观察,物种,,,,,,,,,,,,,
"Chaetodon ephippium Cuvier, 1831",毛齿藻,动物,脊索动物,放线蕨,鲈形目,毛齿兽科,,[“海洋”],无效的,物种,外来物种,,,,,,,,,,,,
"Anguilla anguilla (Linnaeus, 1758)",安圭拉 安圭拉,动物,脊索动物,放线蕨,鳗形目,鳗科,,[“淡水”、“咸水”、“海洋”],无效的,物种,外来物种,,,,,,,,,,,,
"Morone mississippiensis Jordan & Eigenmann, 1887",密西西比州的莫罗内,动物,脊索动物,放线蕨,鲈形目,斑鳅科,,[“淡水”],无效的,物种,外来物种,,,,,,,,,,,,
"Hypostomus plecostomus (Linnaeus, 1758)",尾腹鱼,动物,脊索动物,放线蕨,鲶形目,鳅科,,[“淡水”],无效的,物种,外来物种,,,,,,,,,,,,
Eupatorium cannabinum L.,大麻紫茎泽兰,植物界,被子植物门,木兰纲,菊目,菊科,,[“陆地”],侵入性的,物种,,,,,,,,,,,,,
Macrocystis pyrifera (Linnaeus) Agardh,荧光大囊藻,网络色藻界,苍藻门,褐藻纲,昆布藻,海带科,,[“海洋”],无效的,物种,外来物种,,,,,,,,,,,,
Passiflora morifolia Masters,西番莲,植物界,被子植物门,木兰纲,金虎目,西番莲科,,[“陆地”],有待观察,物种,,,,,,,,,,,,,
Pomacea gigas,福寿螺,动物,贝类,腹足类,古舌藻,壶腹科,,[“淡水”],无效的,物种,外来物种,,,,,,,,,,,,
Phytophthora cinnamomi Rands,肉桂疫霉,网络色藻界,卵菌门,霜霉病,霜霉目,霜霉科,,[“主持人”],无效的,物种,外来物种,,,,,,,,,,,,
Bunias orientalis L.,东布尼亚斯,植物界,被子植物门,木兰纲,芸苔目,十字花科,,[“陆地”],侵入性的,物种,,,,,,,,,,,,,
Ipomoea hederifolia L.,红薯,植物界,被子植物门,木兰纲,茄目,旋花科,,[“陆地”],有待观察,物种,,,,,,,,,,,,,
"Holacanthus ciliaris (Linnaeus, 1758)",纤毛海棘,动物,脊索动物,放线蕨,鲈形目,长尾科,,[“海洋”],无效的,物种,外来物种,,,,,,,,,,,,
Amaranthus albus L.,白苋,植物界,被子植物门,木兰纲,石竹目,苋科,,[“陆地”],侵入性的,物种,,,,,,,,,,,,,
"Scrippsiella trochoidea (Stein) Loeblich Iii, 1976",轮状斯克里普西拉,网络色藻界,粘体动物亚门,甲藻纲,围甲藻目,多甲藻科,,[“海洋”],无效的,物种,外来物种,,,,,,,,,,,,
Alliaria petiolata Cavara & Grande,叶葱,植物界,被子植物门,木兰纲,芸苔目,十字花科,,[“陆地”],侵入性的,物种,,,,,,,,,,,,,
"Hippocampus hippocampus (Linnaeus, 1758)",海马 海马,动物,脊索动物,放线蕨,鳅形目,鳅科,,[“海洋”],无效的,物种,外来物种,,,,,,,,,,,,
Brachiaria brizantha (Hochset. ex A. Richard) Griseb.,臂形草,植物界,被子植物门,软虫纲,波阿莱斯,禾本科,,[“陆地”],侵入性的,物种,,,,,,,,,,,,,
Amaranthus viridis L.,苋菜,植物界,被子植物门,木兰纲,石竹目,苋科,,[“陆地”],侵入性的,物种,,,,,,,,,,,,,
Waltheria indica L.,印度白鲸,植物界,被子植物门,木兰纲,锦葵属,锦葵科,,[“陆地”],侵入性的,物种,,,,,,,,,,,,,
"Crassostrea virginica (Gmelin, 1791)",弗吉尼亚牡蛎,动物,贝类,双壳类,奥斯特雷达,牡蛎科,,[“海洋”],无效的,物种,外来物种,,,,,,,,,,,,
Trifolium pratense L.,红车轴草,植物界,被子植物门,木兰纲,豆目,豆科,,[“陆地”],侵入性的,物种,,,,,,,,,,,,,
"Alosa sapidissima (Wilson, 1811)",非常美味的鲥鱼,动物,脊索动物,放线蕨,鲱鱼目,鲱鱼科,,[“淡水”、“咸水”、“海洋”],无效的,物种,外来物种,,,,,,,,,,,,
"Lepidochelys olivacea (Eschscholtz, 1829)",橄榄鳞龟,动物,脊索动物,爬行动物,海龟,龟科,,[“海洋”],无效的,物种,外来物种,,,,,,,,,,,,
Acacia mangium Willd.,马占相思,植物界,被子植物门,木兰纲,豆目,豆科,,[“陆地”],有待观察,物种,,,,,,,,,,,,,
Lemna trinervis Small,春分木,植物界,被子植物门,软虫纲,泽泻目,天南星科,,[“淡水”],侵入性的,物种,,,,,,,,,,,,,
Physalis ixocarpa Brotero ex Hornemann,费城酸浆,植物界,被子植物门,木兰纲,茄目,茄科,,[“陆地”],有待观察,物种,,,,,,,,,,,,,
Prorocentrum cordatum (Ostenf.) J.D.Dodge,心形突起,网络色藻界,粘体动物亚门,甲藻纲,原中央目,原甲藻科,,[“海洋”],无效的,物种,外来物种,,,,,,,,,,,,
"Sander vitreus (Mitchill, 1818)",桑德玻璃体,动物,脊索动物,放线蕨,鲈形目,鲈科,,[“淡水”、“咸水”],无效的,物种,外来物种,,,,,,,,,,,,
"Pictichromis porphyrea (Lubbock & Goldman, 1974)",紫菜,动物,脊索动物,放线蕨,鲈形目,假铬科,,[“海洋”],无效的,物种,外来物种,,,,,,,,,,,,
Porophyllum ruderale (Jacquin)Cassini,紫罗兰,植物界,被子植物门,木兰纲,菊目,菊科,,[“陆地”],侵入性的,物种,,,,,,,,,,,,,
"Heteropsylla cubana Crawford, 1914",古巴异木虫,动物,节肢动物,昆虫纲,半翅目,木虱科,,[“主持人”],无效的,物种,外来物种,,,,,,,,,,,,
Gomphrena celosioides C.F.P.Mart.,锯齿千日菊,植物界,被子植物门,木兰纲,石竹目,苋科,,[“陆地”],有待观察,物种,,,,,,,,,,,,,
Plantago virginica L.,车前子,植物界,被子植物门,木兰纲,唇形目,车前草科,,[“陆地”],侵入性的,物种,,,,,,,,,,,,,
Sternochetus frigidus,冷胸鹬,动物,节肢动物,昆虫纲,鞘翅目,象甲科,,[“陆地”],无效的,物种,外来物种,,,,,,,,,,,,
Silene latifolia Poiret subsp. alba (Mill.)Greuter & Burdet.,宽叶硅烯,植物界,被子植物门,木兰纲,石竹目,石竹科,,[“陆地”],有待观察,亚种,,,,,,,,,,,,,
Senna obtusifolia (L.) H.S.Irwin & Barneby,钝叶番泻叶,植物界,被子植物门,木兰纲,豆目,豆科,,[“陆地”],侵入性的,物种,,,,,,,,,,,,,
Stachytarpheta australis Moldenke,辣椒穗花,植物界,被子植物门,木兰纲,唇形目,马鞭草科,,[“陆地”],有待观察,物种,,,,,,,,,,,,,
Chamaecrista mimosoides (L.) Greene,含羞草,植物界,被子植物门,木兰纲,豆目,豆科,,[“陆地”],有待观察,物种,,,,,,,,,,,,,
Sheradia arvensis L.,雪拉迪亚,植物界,被子植物门,木兰纲,龙胆目,茜草科,,[“陆地”],有待观察,物种,,,,,,,,,,,,,
Dinebra retroflexa (Vahl) Panzer,反枝蝽,植物界,被子植物门,软虫纲,波阿莱斯,禾本科,,[“陆地”],有待观察,物种,,,,,,,,,,,,,
"Atractosteus tropicus Gill, 1863",热带白骨鱼,动物,脊索动物,放线蕨,鳞石目,鳞翅目,,[“淡水”、“咸水”],无效的,物种,外来物种,,,,,,,,,,,,
Parapholis incurva (L.) C.E.Hubb.,圆弧形,植物界,被子植物门,软虫纲,波阿莱斯,禾本科,,[“陆地”],侵入性的,物种,,,,,,,,,,,,,
"Quadrastichus erythrinae Kim, 2004",刺蓟,动物,节肢动物,昆虫纲,膜翅目,蜈蚣科,,[“陆地”],侵入性的,物种,外来物种,,,,,,,,,,,,
Vaccaria hispanica (Miller) Rauschert,西班牙乳制品,植物界,被子植物门,木兰纲,石竹目,石竹科,,[“陆地”],有待观察,物种,,,,,,,,,,,,,
Aeschynomene americana L.,美洲七叶树,植物界,被子植物门,木兰纲,豆目,豆科,,[“陆地”],侵入性的,物种,,,,,,,,,,,,,
"Pomacanthus xanthometopon (Bleeker, 1853)",黄花刺,动物,脊索动物,放线蕨,鲈形目,长尾科,,[“海洋”],无效的,物种,外来物种,,,,,,,,,,,,
"Morone saxatilis (Walbaum, 1792)",莫罗内石质,动物,脊索动物,放线蕨,鲈形目,斑鳅科,,[“淡水”、“咸水”、“海洋”],无效的,物种,外来物种,,,,,,,,,,,,
"Apalone ferox (Schneider, 1783)",阿帕龙·费罗克斯,动物,脊索动物,爬行动物,海龟,鳖科,,[“陆地”、“淡水”],无效的,物种,外来物种,,,,,,,,,,,,
Eichhornia crassipes Solms,凤眼莲,植物界,被子植物门,软虫纲,纪念版,黄松科,,[“淡水”],侵入性的,物种,,,,,,,,,,,,,
Alternanthera paronychioides A.St.-Hil.,甲沟莲子草,植物界,被子植物门,木兰纲,石竹目,苋科,,[“陆地”、“淡水”],有待观察,物种,,,,,,,,,,,,,
"Dascyllus melanurus Bleeker, 1854",达斯库勒斯管理,动物,脊索动物,放线蕨,鲈形目,甲科,,[“海洋”],无效的,物种,外来物种,,,,,,,,,,,,
"Pseudochromis dutoiti Smith, 1955",杜图氏拟色线虫,动物,脊索动物,放线蕨,鲈形目,假铬科,,[“海洋”],无效的,物种,外来物种,,,,,,,,,,,,
"Brontispa longissima (Gestro, 1885)",布朗蒂斯帕是最长的,动物,节肢动物,昆虫纲,鞘翅目,叶甲科,,[“陆地”],侵入性的,物种,外来物种,,,,,,,,,,,,
Lolium remotum Schrank,黑麦草已移除,植物界,被子植物门,软虫纲,波阿莱斯,禾本科,,[“陆地”],有待观察,物种,,,,,,,,,,,,,
"Eriosoma lanigerum (Hausemann, 1802)",毛状楝树,动物,节肢动物,昆虫纲,半翅目,蚜科,,[“主持人”],侵入性的,物种,外来物种,,,,,,,,,,,,
Erigeron primulifolius (Lam.) Greuter,报春蓬,植物界,被子植物门,木兰纲,菊目,菊科,,[“陆地”],侵入性的,物种,,,,,,,,,,,,,
Amaranthus blitoides S.Watson,苋菜,植物界,被子植物门,木兰纲,石竹目,苋科,,[“陆地”],有待观察,物种,,,,,,,,,,,,,
"Cylas formicarius (Fabricius, 1798)",福米卡里乌斯,动物,节肢动物,昆虫纲,鞘翅目,布伦蒂科,,[“主持人”],侵入性的,物种,外来物种,,,,,,,,,,,,
Stemodia verticillata (Mill.) Hassl,轮叶百部,植物界,被子植物门,木兰纲,唇形目,车前草科,,[“陆地”],侵入性的,物种,,,,,,,,,,,,,
"Callopora lineata (Linnaeus, 1767)",线形红藻,动物,苔藓虫纲,裸露目,唇口科,蝽科,,[“海洋”],无效的,物种,外来物种,,,,,,,,,,,,
"Paracanthurus hepatus (Linnaeus, 1766)",肝副棘鱼,动物,脊索动物,放线蕨,鲈形目,棘鱼科,,[“海洋”],无效的,物种,外来物种,,,,,,,,,,,,
"Monodactylus argenteus (Linnaeus, 1758)",银单指,动物,脊索动物,放线蕨,鲈形目,单指科,,[“淡水”、“咸水”、“海洋”],无效的,物种,外来物种,,,,,,,,,,,,
"Heterodera glycines Ichinohe, 1952",大豆胞囊线虫,动物,线虫,下半场,垫刃目,异皮科,,[“主持人”],无效的,物种,外来物种,,,,,,,,,,,,
Senna occidentalis (L.) Link,塞纳河西部,植物界,被子植物门,木兰纲,豆目,豆科,,[“陆地”],侵入性的,物种,,,,,,,,,,,,,
"Ceratitis capitata (Wiedemann, 1824)",头状实蝇,动物,节肢动物,昆虫纲,双翅目,实蝇科,,[“陆地”],无效的,物种,外来物种,,,,,,,,,,,,
Malvastrum americanum (L.)Torrey,美国坏蛋,植物界,被子植物门,木兰纲,锦葵属,锦葵科,,[“陆地”],有待观察,物种,,,,,,,,,,,,,
Melinis repens (Willd.) Zizka,梅里尼斯爬行,植物界,被子植物门,软虫纲,波阿莱斯,禾本科,,[“陆地”],侵入性的,物种,,,,,,,,,,,,,
Salvia sclarea L.,鼠尾草,植物界,被子植物门,木兰纲,唇形目,唇形科,,[“陆地”],有待观察,物种,,,,,,,,,,,,,
"Naso lituratus (Forster, 1801)",斜纹鼻,动物,脊索动物,放线蕨,鲈形目,棘鱼科,,[“海洋”],无效的,物种,外来物种,,,,,,,,,,,,
"Popillia japonica Newman, 1838",金龟子,动物,节肢动物,昆虫纲,鞘翅目,芸香科,,[“陆地”],侵入性的,物种,外来物种,,,,,,,,,,,,
Amaranthus retroflexus L.,反枝苋,植物界,被子植物门,木兰纲,石竹目,苋科,,[“陆地”],侵入性的,物种,,,,,,,,,,,,,
Spermacoce alata Aubl.,翼子藻,植物界,被子植物门,木兰纲,龙胆目,茜草科,,[“陆地”],侵入性的,物种,,,,,,,,,,,,,
"Protoperidinium ventricum (Abé, 1927) Balech, 1974",室原甲藻,网络色藻界,粘体动物亚门,甲藻纲,围甲藻目,原甲藻科,,[“海洋”],无效的,物种,外来物种,,,,,,,,,,,,
Setaria verticillata (L.) P.Beauv.,刺须亚,植物界,被子植物门,软虫纲,波阿莱斯,禾本科,,[“陆地”],有待观察,物种,,,,,,,,,,,,,
"Technomyrmex albipes (Smith, 1861)",白蝇,动物,节肢动物,昆虫纲,膜翅目,蚂,,[“陆地”],无效的,物种,外来物种,,,,,,,,,,,,
"Acentrogobius pflaumii (Bleeker, 1853)",普氏蛱蝶,动物,脊索动物,放线蕨,鲈形目,戈壁鱼科,,[“咸味”，“海洋”],无效的,物种,外来物种,,,,,,,,,,,,
"Schizoporella errata (Waters, 1878)",错误的裂孔菌,动物,苔藓虫纲,裸露目,唇口科,裂孔菌科,,[“海洋”],侵入性的,物种,外来物种,,,,,,,,,,,,
Amaranthus caudatus L.,尾苋,植物界,被子植物门,木兰纲,石竹目,苋科,,[“陆地”],侵入性的,物种,,,,,,,,,,,,,
Crassocephalum crepidioides S.Moore,粗头藻,植物界,被子植物门,木兰纲,菊目,菊科,,[“陆地”],侵入性的,物种,,,,,,,,,,,,,
"Premnas biaculeatus (Bloch, 1790)",黄豆,动物,脊索动物,放线蕨,鲈形目,甲科,,[“海洋”],无效的,物种,外来物种,,,,,,,,,,,,
Solanum diphyllum L.,二叶茄,植物界,被子植物门,木兰纲,茄目,茄科,,[“陆地”],有待观察,物种,,,,,,,,,,,,,
Cuscuta epilinum Weihe,菟丝子,植物界,被子植物门,木兰纲,茄目,旋花科,,[“主持人”],侵入性的,物种,,,,,,,,,,,,,
"Patinella radiata (Audouin, 1826)",辐射铜绿,动物,苔藓虫纲,狭腹藻,环口虫纲,地衣孔虫科,,[“海洋”],无效的,物种,外来物种,,,,,,,,,,,,
"Chelmon rostratus (Linnaeus, 1758)",红嘴切尔蒙,动物,脊索动物,放线蕨,鲈形目,毛齿兽科,,[“咸味”，“海洋”],无效的,物种,外来物种,,,,,,,,,,,,
Tagetes erecta L.,万寿菊,植物界,被子植物门,木兰纲,菊目,菊科,,[“陆地”],有待观察,物种,,,,,,,,,,,,,
Dinophysis fortii Pavill.,福氏甲龙,网络色藻界,粘体动物亚门,甲藻纲,甲藻目,甲藻科,,[“海洋”],无效的,物种,外来物种,,,,,,,,,,,,
Paspalum notatum Alain ex Flüggé,帕斯帕尔标记,植物界,被子植物门,软虫纲,波阿莱斯,禾本科,,[“陆地”],有待观察,物种,,,,,,,,,,,,,
Ageratina adenophora (Spreng.) R.M.King & H.Rob.,紫茎泽兰,植物界,被子植物门,木兰纲,菊目,菊科,,[“陆地”],侵入性的,物种,,,,,,,,,,,,,
Asparagus densiflorus (Kunth) Jessop,赤花芦笋,植物界,被子植物门,软虫纲,芦笋,天门冬科,,[“陆地”],侵入性的,物种,,,,,,,,,,,,,
Tragopogon dubius Scopoli,黄角角值得怀疑,植物界,被子植物门,木兰纲,菊目,菊科,,[“陆地”],侵入性的,物种,,,,,,,,,,,,,
Cleome rutidosperma DC.,红子果,植物界,被子植物门,木兰纲,芸苔目,蜀葵科,,[“陆地”],侵入性的,物种,,,,,,,,,,,,,
Lantana camara L.,马缨丹卡马拉,植物界,被子植物门,木兰纲,唇形目,马鞭草科,,[“陆地”],侵入性的,物种,,,,,,,,,,,,,
Passiflora tripartita var. mollissima (Kunth) L.B.Holm-Nielsen & P.M.Jørgensen,非常柔软的西番莲,植物界,被子植物门,木兰纲,金虎目,西番莲科,,[“陆地”],有待观察,变种,,,,,,,,,,,,,
Hibiscus trionum L.,芙蓉三一,植物界,被子植物门,木兰纲,锦葵属,锦葵科,,[“陆地”],侵入性的,物种,,,,,,,,,,,,,
Amaranthus palmeri S.Watson,苋菜,植物界,被子植物门,木兰纲,石竹目,苋科,,[“陆地”],侵入性的,物种,,,,,,,,,,,,,
Solidago canadensis L.,加拿大一枝黄花,植物界,被子植物门,木兰纲,菊目,菊科,,[“陆地”],侵入性的,物种,,,,,,,,,,,,,
"Mus musculus Linnaeus, 1758",小鼠肌肉,动物,脊索动物,哺乳纲,啮齿目,鼠科,,[“陆地”],侵入性的,物种,外来物种,,,,,,,,,,,,
"Sitotroga cerealella (Olivier, 1789)",谷螟,动物,节肢动物,昆虫纲,鳞翅目,蜈蚣科,,[“陆地”],无效的,物种,外来物种,,,,,,,,,,,,
Verbena strista Ventenat,马鞭草,植物界,被子植物门,木兰纲,唇形目,马鞭草科,,[“陆地”],有待观察,物种,,,,,,,,,,,,,
Bromus catharticus var. catharticus,泻溴,植物界,被子植物门,软虫纲,波阿莱斯,禾本科,,[“陆地”],侵入性的,变种,,,,,,,,,,,,,
